n,struttura_nome,indirizzo,cap,comune,provincia,regione_pa,anno
1,P.O.SAN SALVATORE L'AQUILA,"VIA VETOIO  COPPITO, 67100 L'AQUILA AQ",67100,L'AQUILA,AQ,Abruzzo,2023
2,PO AVEZZANO 'S. FILIPPO E NICOLA',"VIA G. DI VITTORIO, 67051 AVEZZANO AQ",67051,AVEZZANO,AQ,Abruzzo,2023
3,OSPEDALE MAZZINI,"PIAZZA ITALIA, 64100 TERAMO TE",64100,TERAMO,TE,Abruzzo,2023
4,P.O. 'SPIRITO SANTO' PESCARA,"via Paolini 47, 65124 PESCARA PE",65124,PESCARA,PE,Abruzzo,2023
5,P.O. S. MASSIMO di PENNE,"VIA BATTAGLIONE DEGLI ALPINI 1, 65017 PENNE PE",65017,PENNE,PE,Abruzzo,2023
6,P.O. CLINICIZZ. 'SS. ANNUNZIATA' CHIETI,"VIA DEI VESTINI, 66100 CHIETI CH",66100,CHIETI,CH,Abruzzo,2023
7,P.O. VASTO 'SAN PIO DA PIETRELCINA',"Via S.Camillo de Lellis, 66054 VASTO CH",66054,VASTO,CH,Abruzzo,2023
8,PRESIDIO OSPEDALIERO MATERA,"C.DA CATTEDRA AMBULANTE, 75100 MATERA MT",75100,MATERA,MT,Basilicata,2023
9,Ospedale San Carlo di Potenza,"Via Potito Petrone  snc, 85100 POTENZA PZ",85100,POTENZA,PZ,Basilicata,2023
10,Ospedale S.Giovanni di Dio - Melfi,"Via Foggia, 85025 MELFI PZ",85025,MELFI,PZ,Basilicata,2023
11,Osp S.Pio da Pietrelcina di Villa D'Agri,"Via San Pio s.n.c., 85050 MARSICOVETERE PZ",85050,MARSICOVETERE,PZ,Basilicata,2023
12,Ospedale S.Giovanni di Lagonegro,"Viale Colombo, 85042 LAGONEGRO PZ",85042,LAGONEGRO,PZ,Basilicata,2023
13,OSPEDALE CIVILE FERRARI - CASTROVILLARI,"VIALE DEL LAVORO, 87012 CASTROVILLARI CS",87012,CASTROVILLARI,CS,Calabria,2023
14,OSPEDALE CORIGLIANO,"VIALE RIMEMBRANZE, 87064 CORIGLIANO-ROSSANO CS",87064,CORIGLIANO-ROSSANO,CS,Calabria,2023
15,OSPEDALE CIVILE SAN GIOVANNI DI DIO,"VIA BOLOGNA, 88900 CROTONE KR",88900,CROTONE,KR,Calabria,2023
16,PO LAMEZIA TERME,"VIA ARTURO PERUGINI 1, 88046 LAMEZIA TERME CZ",88046,LAMEZIA TERME,CZ,Calabria,2023
17,P.O. JAZZOLINO,"PIAZZA FLEMING, 89900 VIBO VALENTIA VV",89900,VIBO VALENTIA,VV,Calabria,2023
18,OSPEDALE BASSO IONIO,"VIA DON CARLO DE CARDONA, 88068 SOVERATO CZ",88068,SOVERATO,CZ,Calabria,2023
19,PRESIDIO OSPEDALIERO ANNUNZIATA,"VIA FELICE MIGLIORI, 87100 COSENZA CS",87100,COSENZA,CS,Calabria,2023
20,Ospedale Pugliese,"via Pio X, 88100 CATANZARO CZ",88100,CATANZARO,CZ,Calabria,2023
21,Presidio Ospedaliero Riuniti,"VIA GIUSEPPE MELACRINO 21, 89124 REGGIO DI CALABRIA RC",89124,REGGIO DI CALABRIA,RC,Calabria,2023
22,PRESIDIO OSPEDALIERO S.G.MOSCATI AVERSA,"VIA GRAMSCI, 81031 AVERSA CE",81031,AVERSA,CE,Campania,2023
23,CLINICA SANT`ANNA,"VIA ROMA 124, 81100 CASERTA CE",81100,CASERTA,CE,Campania,2023
24,OSPEDALE CIVILE S. GIOVANNI DI DIO,"VIA PIROZZI 66, 80027 FRATTAMAGGIORE NA",80027,FRATTAMAGGIORE,NA,Campania,2023
25,OSPEDALE SAN GIULIANO,"VIA G.B. BASILE, 80014 GIUGLIANO IN CAMPANIA NA",80014,GIUGLIANO IN CAMPANIA,NA,Campania,2023
26,P.O.S.MARIA DELLA SPERANZA BATTIPAGLIA,"VIA FIORIGNANO, 84091 BATTIPAGLIA SA",84091,BATTIPAGLIA,SA,Campania,2023
27,P.O. S.LUCA VALLO DELLA LUCANIA,"VIA F. CAMMAROTA, 84078 VALLO DELLA LUCANIA SA",84078,VALLO DELLA LUCANIA,SA,Campania,2023
28,OSPEDALE S.M.DELLE GRAZIE,"VIA DOMITIANA LOCALITA` LA SCHIANA, 80078 POZZUOLI NA",80078,POZZUOLI,NA,Campania,2023
29,P.O. DE LUCA E ROSSANO,"VIA CACCIOPPOLI, 80069 VICO EQUENSE NA",80069,VICO EQUENSE,NA,Campania,2023
30,PRESIDIO OSPEDALIERO MARCIANISE,"RIONE SANTELLA VIA ORTO DELL'ABATE, 81025 MARCIANISE CE",81025,MARCIANISE,CE,Campania,2023
31,P.O. OSPEDALE DEL MARE,"VIA ENRICO RUSSO, 80147 NAPOLI NA",80147,NAPOLI,NA,Campania,2023
32,P.O. SAN PAOLO,"VIA TERRACINA 219, 80125 NAPOLI NA",80125,NAPOLI,NA,Campania,2023
33,AZIENDA OSPEDALIERA 'A. CARDARELLI',"VIA A.CARDARELLI 9, 80131 NAPOLI NA",80131,NAPOLI,NA,Campania,2023
34,A.O. OO.RR. SANGIOVANNI DI DIO E RUGGI,"S. LEONARDO, 84131 SALERNO SA",84131,SALERNO,SA,Campania,2023
35,AZIENDA OSPEDALIERA S. G. MOSCATI,"C.da Amoretta, 83100 AVELLINO AV",83100,AVELLINO,AV,Campania,2023
36,PRESIDIO OSPEDALIERO RUMMO,"Via Pacevecchia 53, 82100 BENEVENTO BN",82100,BENEVENTO,BN,Campania,2023
37,A.O. SANT'ANNA E SAN SEBASTIANO  CASERTA,"VIA PALASCIANO, 81100 CASERTA CE",81100,CASERTA,CE,Campania,2023
38,AZIENDA OSPEDALIERA UNIVERSITARIA UNICAM,"VIA COSTANTINOPOLI 104, 80138 NAPOLI NA",80138,NAPOLI,NA,Campania,2023
39,A.O.U. 'FEDERICO II' DI NAPOLI,"VIA SERGIO PANSINI 5, 80100 NAPOLI NA",80100,NAPOLI,NA,Campania,2023
40,OSPEDALE GUGLIELMO DA SALICETO PIACENZA,"VIA TAVERNA 49, 29100 PIACENZA PC",29100,PIACENZA,PC,Emilia-Romagna,2023
41,OSPEDALE CASTEL SAN GIOVANNI ,"VIALE 2 GIUGNO, 29015 CASTEL SAN GIOVANNI PC",29015,CASTEL SAN GIOVANNI,PC,Emilia-Romagna,2023
42,OSPEDALE FIDENZA ,"VIA DON TINCATI 5, 43036 FIDENZA PR",43036,FIDENZA,PR,Emilia-Romagna,2023
43,OSPEDALE E.FRANCHINI MONTECCHIO,"STRADA BARILLA 16, 42027 MONTECCHIO EMILIA RE",42027,MONTECCHIO EMILIA,RE,Emilia-Romagna,2023
44,OSPEDALE S.ANNA CASTELNOVO NE MONTI,"VIA ROMA 2, 42035 CASTELNOVO NE'MONTI RE",42035,CASTELNOVO NE'MONTI,RE,Emilia-Romagna,2023
45,ARCISPEDALE SANTA MARIA NUOVA DI REGGIO,"VIALE RISORGIMENTO 80, 42100 REGGIO NELL'EMILIA RE",42100,REGGIO NELL'EMILIA,RE,Emilia-Romagna,2023
46,OSPEDALE B.RAMAZZINI CARPI,"VIA G. MOLINARI 2, 41012 CARPI MO",41012,CARPI,MO,Emilia-Romagna,2023
47,OSPEDALE SANTA MARIA BIANCA MIRANDOLA,"VIA FOGAZZARO ANTONIO 1, 41037 MIRANDOLA MO",41037,MIRANDOLA,MO,Emilia-Romagna,2023
48,OSPEDALE VIGNOLA ,"VIA PLESSI CESARE 20, 41058 VIGNOLA MO",41058,VIGNOLA,MO,Emilia-Romagna,2023
49,OSPEDALE CIVILE NUOVO S.MARIA DELLA SCALA,"VIA MONTERICCO 4, 40026 IMOLA BO",40026,IMOLA,BO,Emilia-Romagna,2023
50,OSPEDALE MAGGIORE C.A.PIZZARDI,"LARGO BARTOLO NIGRISOLI 2, 40133 BOLOGNA BO",40133,BOLOGNA,BO,Emilia-Romagna,2023
51,OSPEDALE A.COSTA PORRETTA TERME,"VIA ORESTE ZAGNONI 3, 40046 ALTO RENO TERME BO",40046,ALTO RENO TERME,BO,Emilia-Romagna,2023
52,STABILIMENTO OSPEDALIERO SS. ANNUNZIATA,"VIA VICINI 2, 44042 CENTO FE",44042,CENTO,FE,Emilia-Romagna,2023
53,OSPEDALE SANTA MARIA DELLE CROCI RAVENNA,"VIALE RANDI 5, 48100 RAVENNA RA",48100,RAVENNA,RA,Emilia-Romagna,2023
54,OSPEDALE DEGLI INFERMI FAENZA,"VIALE STRADONE 9, 48018 FAENZA RA",48018,FAENZA,RA,Emilia-Romagna,2023
55,OSPEDALE MORGAGNI-PIERANTONI FORLI',"VIA FORLANINI 34, 47121 FORLI' FC",47121,FORLI',FC,Emilia-Romagna,2023
56,OSPEDALE MAURIZIO BUFALINI CESENA,"VIALE GHIROTTI 286, 47023 CESENA FC",47023,CESENA,FC,Emilia-Romagna,2023
57,OSPEDALE INFERMI RIMINI,"VIALE SETTEMBRINI 2, 47900 RIMINI RN",47900,RIMINI,RN,Emilia-Romagna,2023
58,NUOVO OSPEDALE CIVILE DI SASSUOLO S.P.A.,"VIA FRANCESCO RUINI 2, 41049 SASSUOLO MO",41049,SASSUOLO,MO,Emilia-Romagna,2023
59,OSPEDALE CERVESI CATTOLICA ,"VIA BEETHOVEN L.V. 1, 47841 CATTOLICA RN",47841,CATTOLICA,RN,Emilia-Romagna,2023
60,CASA DI CURA CITTA' DI PARMA,"PIAZZA ATHOS MAESTRI  5, 43100 PARMA PR",43100,PARMA,PR,Emilia-Romagna,2023
61,OSPEDALE PRIVATO DOMUS NOVA S.P.A.,"VIA PAVIRANI PAOLO 44, 48100 RAVENNA RA",48100,RAVENNA,RA,Emilia-Romagna,2023
62,AZIENDA OSPEDALIERO-UNIVERSITARIA DI PARMA,"VIA GRAMSCI 14, 43100 PARMA PR",43100,PARMA,PR,Emilia-Romagna,2023
63,AZIENDA OSPEDALIERO-UNIVERSITARIA DI MODENA,"VIA DEL POZZO 71, 41100 MODENA MO",41100,MODENA,MO,Emilia-Romagna,2023
64,IRCCS AZIENDA OSPEDALIERO-UNIVERSITARIA,"VIA GIUSEPPE MASSARENTI 9, 40138 BOLOGNA BO",40138,BOLOGNA,BO,Emilia-Romagna,2023
65,AZIENDA OSPEDALIERO-UNIVERSITARIA DI FERRARA,"VIA ALDO MORO 8, 44124 FERRARA FE",44124,FERRARA,FE,Emilia-Romagna,2023
66,CONSULTORIO PARMA CENTRO  -  CASA DELLA SALUTE,"LARGO NATALE PALLI 1/A, 43121 PARMA PR",43121,PARMA,PR,Emilia-Romagna,2023
67,CONSULTORIO DI CARPI,"VIA DON LUIGI STURZO, 21  , 41012 CARPI MO",41012,CARPI,MO,Emilia-Romagna,2023
68,CONSULTORIO FAMILIARE DI MODENA - VIA PADOVA,"VIA DON GIOVANNI MINZONI, 121 (ANGOLO VIA PADOVA), 41125 MODENA MO",41125,MODENA,MO,Emilia-Romagna,2023
69,CONSULTORIO RICCIONE,"VIA SAN MINIATO 16, 47838 RICCIONE RN",47838,RICCIONE,RN,Emilia-Romagna,2023
70,SALUTE DONNA C/O STABILIMENTO OSPEDALIERO SS. ANNUNZIATA CENTO,"VIA VICINI 2, 44042 CENTO FE",44042,CENTO,FE,Emilia-Romagna,2023
71,OSPEDALE DI RAVENNA - POLIAMBULATORIO,"VIALE RANDI 5, 48100 RAVENNA RA",48100,RAVENNA,RA,Emilia-Romagna,2023
72,CENTRO SOCIO-SANITARIO CIRCOSCRIZIONE 2 / CONSULTORIO FAMILIARE,"VIA BERLINGUER 11, 48123 RAVENNA RA",48123,RAVENNA,RA,Emilia-Romagna,2023
73,OSPEDALE MAGGIORE - AMBULATORIO E LABORATORIO,"LARGO BARTOLO NIGRISOLI 2, 40133 BOLOGNA BO",40133,BOLOGNA,BO,Emilia-Romagna,2023
74,OSPEDALE RIMINI POLIAMBULATORI,"VIA SETTEMBRINI 2, 47900 RIMINI RN",47900,RIMINI,RN,Emilia-Romagna,2023
75,AZIENDA OSPEDALIERO-UNIVERSITARIA DI PARMA,"VIA GRAMSCI 14, 43100 PARMA PR",43100,PARMA,PR,Emilia-Romagna,2023
76,AZIENDA OSPEDALIERO-UNIVERSITARIA DI FERRARA,"VIA ALDO MORO 8, 44124 FERRARA FE",44124,FERRARA,FE,Emilia-Romagna,2023
77,CONSULTORIO FAMILIARE DI SAN GIOVANNI IN PERSICETO - OSPEDALE,"VIA E. PALMA 1, 40017 SAN GIOVANNI IN PERSICETO BO",40017,SAN GIOVANNI IN PERSICETO,BO,Emilia-Romagna,2023
78,DISTRETTO CITTA DI PIACENZA - CONSULTORIO FAMILIARE,"PIAZZALE MILANO 6, 29100 PIACENZA PC",29100,PIACENZA,PC,Emilia-Romagna,2023
79,CONSULTORIO FAMILIARE SCANDIANO,"VIA VALLISNERI 41, 42019 REGGIO NELL'EMILIA RE",42019,REGGIO NELL'EMILIA,RE,Emilia-Romagna,2023
80,Presidio ospedaliero Santa Maria degli Angeli,"Via Montereale 24, 33170 PORDENONE PN",33170,PORDENONE,PN,Friuli Venezia Giulia,2023
81,P.O. San Vito al Tagliamento,"Via Savorgnano 2, 33078 SAN VITO AL TAGLIAMENTO PN",33078,SAN VITO AL TAGLIAMENTO,PN,Friuli Venezia Giulia,2023
82,P.O. Monfalcone,"VIA GALVANI 1, 34074 MONFALCONE GO",34074,MONFALCONE,GO,Friuli Venezia Giulia,2023
83,PO Latisana,"VIA SABBIONERA 45, 33053 LATISANA UD",33053,LATISANA,UD,Friuli Venezia Giulia,2023
84,PO Palmanova,"VIA NATISONE 11, 33057 PALMANOVA UD",33057,PALMANOVA,UD,Friuli Venezia Giulia,2023
85,PO San Daniele,"via Trento Trieste 33, 33038 SAN DANIELE DEL FRIULI UD",33038,SAN DANIELE DEL FRIULI,UD,Friuli Venezia Giulia,2023
86,PO Tolmezzo,"via Morgagni 18, 33028 TOLMEZZO UD",33028,TOLMEZZO,UD,Friuli Venezia Giulia,2023
87,PRESIDIO OSPEDALIERO 'S.M.M' DI UDINE,"P.LE S.MARIA DELLA MISERICORDIA 15, 33100 UDINE UD",33100,UDINE,UD,Friuli Venezia Giulia,2023
88,I.R.C.C.S. BURLO GAROFOLO,"VIA DELL`ISTRIA 65/1, 34137 TRIESTE TS",34137,TRIESTE,TS,Friuli Venezia Giulia,2023
89,POLO OSPEDALIERO UNICO INTEGRATO,"VIALE KENNEDY, 2100 RIETI RI",02100,RIETI,RI,Lazio,2023
90,POLO OSPEDALIERO SANTO SPIRITO,"LUNGOTEVERE IN SASSIA  1, 00193 ROMA RM",00193,ROMA,RM,Lazio,2023
91,OSP. ANZIO-NETTUNO,"VIA CUPA DEI MARMI ANZIO, 00042 ANZIO RM",00042,ANZIO,RM,Lazio,2023
92,OSPEDALE SAN PAOLO,"LARGO DONATORI DEL SANGUE, 00053 CIVITAVECCHIA RM",00053,CIVITAVECCHIA,RM,Lazio,2023
93,OSP. S.GIUSEPPE MARINO,"VIALE XXIV MAGGIO, 00047 MARINO RM",00047,MARINO,RM,Lazio,2023
94,OSPEDALE S. GIOVANNI EVANGELISTA(TIVOLI),"VIA PARROZZANI 3, 00019 TIVOLI RM",00019,TIVOLI,RM,Lazio,2023
95,OSPEDALE G. B. GRASSI,"VIA G. C. PASSERONI 30, 00122 ROMA RM",00122,ROMA,RM,Lazio,2023
96,OSPEDALE S.EUGENIO,"PIAZZALE DELL'UMANESIMO 10, 00144 ROMA RM",00144,ROMA,RM,Lazio,2023
97,PRESIDIO OSPEDALIERO NORD,"via Scaravelli snc, 04100 LATINA LT",04100,LATINA,LT,Lazio,2023
98,SAN GIOVANNI DI DIO FONDI,"VIA SAN MAGNO, 04022 FONDI  LT",04022,FONDI,LT,Lazio,2023
99,PRESIDIO OSPEDALIERO SUD,"VIA APPIA LATO NAPOLI, 04023 FORMIA LT",04023,FORMIA,LT,Lazio,2023
100,OSPEDALE SAN BENEDETTO ALATRI,"LOCALITA' CHIAPPITTO, 03011 ALATRI FR",03011,ALATRI,FR,Lazio,2023
101,OSPEDALE SANDRO PERTINI,"via monti tiburtini 385, 00157 ROMA RM",00157,ROMA,RM,Lazio,2023
102,POLO OSPEDALIERO,"STRADA SAMMARTINESE, 01100 VITERBO VT",01100,VITERBO,VT,Lazio,2023
103,Presidio Ospedaliero San Filippo Neri,"Via Martinotti 20, 00133 ROMA RM",00133,ROMA,RM,Lazio,2023
104,Ospedale dei Castelli,"via nettunense km 11,5, 00072 ARICCIA RM",00072,ARICCIA,RM,Lazio,2023
105,POLICLINICO CASILINO,"VIA CASILINA 1049, 00169 ROMA RM",00169,ROMA,RM,Lazio,2023
106,AZ.OSP.SAN CAMILLO-FORLANINI,"CIRCONVALLAZIONE GIANICOLENSE 87, 00152 ROMA RM",00152,ROMA,RM,Lazio,2023
107,AZIENDA OSP. S.GIOVANNI/ADDOLORATA ROMA,"VIA DELL`AMBA ARADAM 9, 00184 ROMA RM",00184,ROMA,RM,Lazio,2023
108,POLICLINICO U. I,"VIALE DEL POLICLINICO 155, 00161 ROMA RM",00161,ROMA,RM,Lazio,2023
109,POLIAMBULATORIO G.B. GRASSI,"VIA PASSERONI 30, 00122 ROMA RM",00122,ROMA,RM,Lazio,2023
110,CONSULTORIO FAMILIARE SILONE D9,"VIA IGNAZIO SILONE 100, 00143 ROMA RM",00143,ROMA,RM,Lazio,2023
111,CONSULTORIO FAMILIARE 'PRIMAVALLE',"VIA LODOVICO JACOBIN, 6, 00168 ROMA RM",00168,ROMA,RM,Lazio,2023
112,CONSULTORIO FAMILIARE PIETRALATA,"VIA di Pietralata 497, 00158 ROMA RM",00158,ROMA,RM,Lazio,2023
113,POLIAMBULATORIO 'TAGLIAMENTO',"VIA TAGLIAMENTO 19, 00198 ROMA RM",00198,ROMA,RM,Lazio,2023
114,LAPOLIAMBULATORIO CENTRO S.ANNA,"VIA GARIGLIANO 55, 00198 ROMA RM",00198,ROMA,RM,Lazio,2023
115,LACSM ARICCIA,"VIA DELLE CERQUETTE 1, 00040 ARICCIA RM",00040,ARICCIA,RM,Lazio,2023
116,STABILIMENTO OSPEDALIERO DI IMPERIA,"VIA S. AGATA 57, 18100 IMPERIA IM",18100,IMPERIA,IM,Liguria,2023
117,E.O. OSPEDALI GALLIERA,"MURA DELLE CAPPUCCINE 14, 16128 GENOVA GE",16128,GENOVA,GE,Liguria,2023
118,OSP. RIUNITI LEONARDI E RIBOLI LAVAGNA,"VIA DON BOBBIO 25, 16033 LAVAGNA GE",16033,LAVAGNA,GE,Liguria,2023
119,EVANGELICO Internazionale CASTELLETTO,"Salita sup San Rocchino 31 A, 16122 GENOVA GE",16122,GENOVA,GE,Liguria,2023
120,EVANGELICO-SAN CARLO VOLTRI,"Piazzale Giannasso 4, 16158 GENOVA GE",16158,GENOVA,GE,Liguria,2023
121,OSPEDALE SANT`ANDREA LA SPEZIA ,"VIA VITTORIO VENETO 197, 19124 LA SPEZIA SP",19124,LA SPEZIA,SP,Liguria,2023
122,OSPEDALE SAN PAOLO,"VIA GENOVA 30 LOC. VALLORIA, 17100 SAVONA SV",17100,SAVONA,SV,Liguria,2023
123,OSPEDALE VILLA SCASSI,"Corso Onofrio SCASSI 1, 16151 GENOVA GE",16151,GENOVA,GE,Liguria,2023
124,IRCCS OSPEDALE POLICLINICO SAN MARTINO,"Largo Rosanna Benzi 10, 16132 GENOVA GE",16132,GENOVA,GE,Liguria,2023
125,IST.G.GASLINI,"VIA G. GASLINI 5, 16147 GENOVA GE",16147,GENOVA,GE,Liguria,2023
126,OSPEDALE DI CIRCOLO - BUSTO ARSIZIO,"VIA ARNALDO DA BRESCIA1, 21052 BUSTO ARSIZIO VA",21052,BUSTO ARSIZIO,VA,Lombardia,2023
127,OSP. S. ANTONIO ABATE - GALLARATE,"VIA PASTORI 4, 21013 GALLARATE VA",21013,GALLARATE,VA,Lombardia,2023
128,OSPEDALE GALMARINI - TRADATE,"PIAZZA ANGELO ZANABONI, 21049 TRADATE VA",21049,TRADATE,VA,Lombardia,2023
129,STABILIMENTO CANTU',"VIA DOMEA 4, 22063 CANTU' CO",22063,CANTU',CO,Lombardia,2023
130,OSPEDALE DI CIRCOLO S.L.MANDIC-MERATE,"LARGO SAN LEOPOLDO MANDIC 1, 23807 MERATE LC",23807,MERATE,LC,Lombardia,2023
131,OSPEDALE SONDRIO,"VIA STELVIO 25, 23100 SONDRIO SO",23100,SONDRIO,SO,Lombardia,2023
132,P.O. CITTA' DI SESTO S. GIOVANNI,"VIALE MATTEOTTI 83, 20099 SESTO SAN GIOVANNI MI",20099,SESTO SAN GIOVANNI,MI,Lombardia,2023
133,PRESIDIO OSPED. V. BUZZI - MILANO,"VIA CASTELVETRO 32, 20154 MILANO MI",20154,MILANO,MI,Lombardia,2023
134,OSPEDALE M. MELLONI - MILANO,"VIA MACEDONIO MELLONI 52, 20129 MILANO MI",20129,MILANO,MI,Lombardia,2023
135,OSPEDALE G.SALVINI-GARBAGNATE MIL.SE,"VIALE FORLANINI 95, 20024 GARBAGNATE MILANESE MI",20024,GARBAGNATE MILANESE,MI,Lombardia,2023
136,OSPEDALE MAGGIORE DI LODI,"VIALE SAVOIA1, 26900 LODI LO",26900,LODI,LO,Lombardia,2023
137,PRESIDIO OSPEDALIERO DI DESIO,"VIA MAZZINI 1, 20832 DESIO MB",20832,DESIO,MB,Lombardia,2023
138,PRESIDIO OSPEDALIERO DI CARATE,"VIA MOSE' BIANCHI 9, 20841 CARATE BRIANZA MB",20841,CARATE BRIANZA,MB,Lombardia,2023
139,OSPEDALE DI VIZZOLO PREDABISSI,"VIA PANDINA 1, 20070 VIZZOLO PREDABISSI MI",20070,VIZZOLO PREDABISSI,MI,Lombardia,2023
140,OSPEDALE DI CIRCOLO - RHO,"CORSO EUROPA 250, 20017 RHO MI",20017,RHO,MI,Lombardia,2023
141,OSPEDALE G. FORNAROLI MAGENTA,"VIA AL DONATORE DI SANGUE 50, 20013 MAGENTA MI",20013,MAGENTA,MI,Lombardia,2023
142,PRESIDIO OSPEDALIERO DI VIMERCATE,"VIA SANTI COSMA E DAMIANO 10, 20871 VIMERCATE MB",20871,VIMERCATE,MB,Lombardia,2023
143,OSPEDALE UBOLDO - CERNUSCO S/NAVIGLIO,"VIA UBOLDO 21, 20063 CERNUSCO SUL NAVIGLIO MI",20063,CERNUSCO SUL NAVIGLIO,MI,Lombardia,2023
144,OSPEDALE DI TREVIGLIO E CARAVAGGIO,"PIAZZALE OSPEDALE LUIGI MENEGUZZO 1, 24047 TREVIGLIO BG",24047,TREVIGLIO,BG,Lombardia,2023
145,OSPEDALE PESENTI FENAROLI - ALZANO L.,"VIA MAZZINI 88, 24022 ALZANO LOMBARDO BG",24022,ALZANO LOMBARDO,BG,Lombardia,2023
146,OSP.LE SS.TRINITA'-ROMANO DI LOMBARDIA,"VIA SAN FRANCESCO D'ASSISI 12, 24058 ROMANO DI LOMBARDIA BG",24058,ROMANO DI LOMBARDIA,BG,Lombardia,2023
147,OSPEDALE BOLOGNINI - SERIATE,"VIA PADERNO 21, 24068 SERIATE BG",24068,SERIATE,BG,Lombardia,2023
148,PRESIDIO OSPEDALIERO DI CHIARI,"VIALE MAZZINI 8, 25032 CHIARI BS",25032,CHIARI,BS,Lombardia,2023
149,OSPEDALE DI DESENZANO,"LOC. MONTECROCE, 25015 DESENZANO DEL GARDA BS",25015,DESENZANO DEL GARDA,BS,Lombardia,2023
150,OSPEDALE CIVILE LA MEMORIA DI GAVARDO,"VIA ANDREA GOSA 74, 25085 GAVARDO BS",25085,GAVARDO,BS,Lombardia,2023
151,OSPEDALE DI MANERBIO,"VIA LUNGOMELLA VALSECCHI 2 , 25025 MANERBIO BS",25025,MANERBIO,BS,Lombardia,2023
152,OSPEDALE CIVILE - VIGEVANO,"CORSO MILANO 19, 27029 VIGEVANO PV",27029,VIGEVANO,PV,Lombardia,2023
153,OSPEDALE CIVILE - VOGHERA,"VIA VOLTURNO 14, 27058 VOGHERA PV",27058,VOGHERA,PV,Lombardia,2023
154,OSPEDALE MAGGIORE - CREMA,"LARGO UGO DOSSENA 2, 26013 CREMA CR",26013,CREMA,CR,Lombardia,2023
155,PRESIDIO OSPEDALIERO - ASOLA,"PIAZZA 80 FANTERIA 1, 46041 ASOLA MN",46041,ASOLA,MN,Lombardia,2023
156,OSP.CIVILE DESTRA SECCHIA-PIEVE CORIANO,"VIA BUGATTE 1, 46020 BORGO MANTOVANO MN",46020,BORGO MANTOVANO,MN,Lombardia,2023
157,OSPEDALE VALCAMONICA - ESINE,"VIA MANZONI 142, 25040 ESINE BS",25040,ESINE,BS,Lombardia,2023
158,OSPEDALE CIVILE DI LEGNANO,"VIA PAPA GIOVANNI PAOLO II, 20025 LEGNANO MI",20025,LEGNANO,MI,Lombardia,2023
159,OSPED.CIRCOLO CAUSA PIA LUVINI-CITTIGLIO,"VIA LUVINI 1, 21033 CITTIGLIO VA",21033,CITTIGLIO,VA,Lombardia,2023
160,OSPEDALE M. O. ANTONIO LOCATELLI-PIARIO,"VIA GROPPINI,22, 24020 PIARIO BG",24020,PIARIO,BG,Lombardia,2023
161,NUOVO OSPEDALE DI BRONI E STRADELLA,"VIA ACHILLI 3, 27049 STRADELLA PV",27049,STRADELLA,PV,Lombardia,2023
162,OSPEDALE F. DEL PONTE - VARESE,"VIA FILIPPO DEL PONTE 19, 21100 VARESE VA",21100,VARESE,VA,Lombardia,2023
163,OSPEDALE S. ANNA - COMO,"VIA RAVONA 20, 22020 SAN FERMO DELLA BATTAGLIA CO",22020,SAN FERMO DELLA BATTAGLIA,CO,Lombardia,2023
164,OSPEDALE DI CIRCOLO A. MANZONI - LECCO,"VIA DELL'EREMO 9/11, 23900 LECCO LC",23900,LECCO,LC,Lombardia,2023
165,OSPEDALE PAPA GIOVANNI XXIII - BG,"PIAZZA OMS 1, 24127 BERGAMO BG",24127,BERGAMO,BG,Lombardia,2023
166,PRES.OSPEDAL.SPEDALI CIVILI BRESCIA,"P.LE SPEDALI CIVILI 1, 25123 BRESCIA BS",25123,BRESCIA,BS,Lombardia,2023
167,OSPEDALE C. POMA - MANTOVA,"STRADA LAGO PAIOLO 10, 46100 MANTOVA MN",46100,MANTOVA,MN,Lombardia,2023
168,OSPEDALE DI CREMONA,"VIA LARGO PRIORI 1, 26100 CREMONA CR",26100,CREMONA,CR,Lombardia,2023
169,OSPEDALE CA' GRANDA-NIGUARDA - MILANO,"PIAZZA OSPEDALE MAGGIORE 3, 20162 MILANO MI",20162,MILANO,MI,Lombardia,2023
170,OSPEDALE S. PAOLO - MILANO,"VIA A. DI RUDINI' 8, 20142 MILANO MI",20142,MILANO,MI,Lombardia,2023
171,OSPEDALE S. CARLO BORROMEO - MILANO,"VIA PIO II 3, 20153 MILANO MI",20153,MILANO,MI,Lombardia,2023
172,OSPEDALE L. SACCO - MILANO,"VIA GIOVAN BATTISTA GRASSI 74, 20157 MILANO MI",20157,MILANO,MI,Lombardia,2023
173,POLICLINICO S. MATTEO - PAVIA,"VIALE GOLGI 19, 27100 PAVIA PV",27100,PAVIA,PV,Lombardia,2023
174,FONDAZ.IRCCS CA' GRANDA - OSPEDALE MAGGI,"VIA FRANCESCO SFORZA 28, 20122 MILANO MI",20122,MILANO,MI,Lombardia,2023
175,FONDAZIONE IRCCS SAN GERARDO DEI TINTORI,"VIA GIOVANNI BATTISTA PERGOLESI 33, 20090 MONZA MB",20090,MONZA,MB,Lombardia,2023
176,STABILIMENTO DI URBINO ,"VIA COMANDINO 70, 61029 URBINO PU",61029,URBINO,PU,Marche,2023
177,STABILIMENTO DI SENIGALLIA ,"VIA CELLINI 1, 60019 SENIGALLIA AN",60019,SENIGALLIA,AN,Marche,2023
178,STABILIMENTO DI JESI,"VIA ALDO MORO 25, 60035 JESI AN",60035,JESI,AN,Marche,2023
179,STABILIMENTO DI FABRIANO ,"VIA STELLUTI SCALA 26, 60044 FABRIANO AN",60044,FABRIANO,AN,Marche,2023
180,STABILIMENTO DI CIVITANOVA M.,"VIA GINEVRI 1, 62012 CIVITANOVA MARCHE MC",62012,CIVITANOVA MARCHE,MC,Marche,2023
181,STABILIMENTO DI MACERATA ,"VIA SANTA LUCIA 2, 62100 MACERATA MC",62100,MACERATA,MC,Marche,2023
182,STABILIMENTO DI FERMO,"VIA MURRI 151, 63023 FERMO FM",63023,FERMO,FM,Marche,2023
183,STABILIMENTO DI S.BENEDETTO,"VIA SILVIO PELLICO 68, 63074 SAN BENEDETTO DEL TRONTO AP",63074,SAN BENEDETTO DEL TRONTO,AP,Marche,2023
184,STABILIMENTO DI ASCOLI PICENO,"VIA DEGLI IRIS MONTICELLI, 63100 ASCOLI PICENO AP",63100,ASCOLI PICENO,AP,Marche,2023
185,CASA DI CURA VILLA IGEA,"VIA MAGGINI 200, 60127 ANCONA AN",60127,ANCONA,AN,Marche,2023
186,STABILIMENTO DI URBINO ,"VIA COMANDINO 70, 61029 URBINO PU",61029,URBINO,PU,Marche,2023
187,STABILIMENTO DI FANO ,"VIA VITTORIO VENETO 2, 61032 FANO PU",61032,FANO,PU,Marche,2023
188,STABILIMENTO 'G. SALESI',"VIA CORRIDONI 11-16, 60100 ANCONA AN",60100,ANCONA,AN,Marche,2023
189,PRESIDIO OSPEDALIERO 'A.CARDARELLI',"Via L. Montalbò snc C.DA TAPPINO, 86100 CAMPOBASSO CB",86100,CAMPOBASSO,CB,Molise,2023
190,OSPEDALE CENTRALE DI BOLZANO,"VIA L. BOEHLER 5, 39100 BOLZANO BZ",39100,BOLZANO,BZ,PA Bolzano,2023
191,OSPEDALE AZIENDALE DI MERANO,"via Rossini 5, 39012 MERANO BZ",39012,MERANO,BZ,PA Bolzano,2023
192,PRESIDIO OSPEDALIERO S. CHIARA,"L.GO MEDAGLIE D'ORO 9, 38122 TRENTO TN",38122,TRENTO,TN,PA Trento,2023
193,PRESIDIO OSPEDALIERO VILLA IGEA,"VIA MALTA 16, 38122 TRENTO TN",38122,TRENTO,TN,PA Trento,2023
194,OSPEDALE DI ROVERETO,"CORSO VERONA 4, 38068 ROVERETO TN",38068,ROVERETO,TN,PA Trento,2023
195,PRESIDIO OSPEDALIERO DI CAVALESE,"VIA DOSSI 21, 38033 CAVALESE TN",38033,CAVALESE,TN,PA Trento,2023
196,OSPEDALE MARIA VITTORIA,"VIA CIBRARIO LUIGI 72, 10144 TORINO",10144,TORINO,TO,Piemonte,2023
197,OSPEDALE MAGGIORE,"VIA DE MARIA 1, 10023 CHIERI ",10023,CHIERI,TO,Piemonte,2023
198,OSPEDALE SANTA CROCE,"PIAZZA AMEDEO FERDINANDO 3, 10024 MONCALIERI ",10024,MONCALIERI,TO,Piemonte,2023
199,OSPEDALE SAN BIAGIO,"PIAZZA VITTIME DEI LAGER NAZIFASCISTI 1, 28845 DOMODOSSOLA",28845,DOMODOSSOLA,VB,Piemonte,2023
200,STABILIMENTO OSPEDALIERO CASTELLI,"VIA FIUME 18, 28925 VERBANIA",28925,VERBANIA,VB,Piemonte,2023
201,ISTITUTO SS. TRINITÀ - BORGOMANERO,"VIALE ZOPPIS 10, 28021 BORGOMANERO",28021,BORGOMANERO,NO,Piemonte,2023
202,OSPEDALE MARTINI,"VIA TOFANE 71, 10141 TORINO",10141,TORINO,TO,Piemonte,2023
203,PRESIDIO OSP. CARDINAL G. MASSAIA,"CORSO DANTE 202, 14100 ASTI ",14100,ASTI,AT,Piemonte,2023
204,OSPEDALE SANT'ANDREA,"CORSO ABBIATE MARIO 21, 13100 VERCELLI ",13100,VERCELLI,VC,Piemonte,2023
205,OSPEDALE SS.PIETRO E PAOLO,"VIA ILORINI MO A. F. 20, 13011 BORGOSESIA ",13011,BORGOSESIA,VC,Piemonte,2023
206,OSPEDALE CIVICO CHIVASSO,"CORSO FERRARIS GALILEO 3, 10034 CHIVASSO ",10034,CHIVASSO,TO,Piemonte,2023
207,PRESIDIO OSPED. RIUNITO SEDE DI CIRIE',"VIA BATTITORE 7/9, 10073 CIRIE' ",10073,CIRIE',TO,Piemonte,2023
208,OSPEDALE CIVILE DI IVREA,"PIAZZA DELLA CREDENZA 2, 10015 IVREA",10015,IVREA,TO,Piemonte,2023
209,OSPEDALE SANTO SPIRITO CASALE,"VIALE GIOLITTI GIOVANNI 2, 15033 CASALE MONFERRATO",15033,CASALE MONFERRATO,AL,Piemonte,2023
210,OSPEDALE SAN GIACOMO NOVI,"VIA RAGGIO EDILIO 12 , 15067 NOVI LIGURE",15067,NOVI LIGURE,AL,Piemonte,2023
211,"OSPEDALE CIVILE ""E.AGNELLI""","VIA BRIGATA CAGLIARI 39, 10064 PINEROLO ",10064,PINEROLO,TO,Piemonte,2023
212,OSPEDALE DEGLI INFERMI,"VIA DEI PONDERANESI 2, 13875 PONDERANO",13875,PONDERANO,BI,Piemonte,2023
213,OSPEDALE MICHELE FERRERO E PIETRO FERRER,"STRADA TANARO 7/9, 12060 VERDUNO",12060,VERDUNO,CN,Piemonte,2023
214,OSPEDALE DEGLI INFERMI,"VIA RIVALTA 29 , 10098 RIVOLI ",10098,RIVOLI,TO,Piemonte,2023
215,OSPEDALE DI MONDOVI',"STRADA DI SAN ROCCHETTO 99, 12084 MONDOVI' ",12084,MONDOVI',CN,Piemonte,2023
216,OSPEDALE DI SAVIGLIANO,"VIA OSPEDALI 5, 12038 SAVIGLIANO ",12038,SAVIGLIANO,CN,Piemonte,2023
217,OSP. MAGGIORE DELLA CARITA',"CORSO MAZZINI GIUSEPPE 18, 28100 NOVARA ",28100,NOVARA,NO,Piemonte,2023
218,AZ. OSPEDAL. S. CROCE E CARLE,"VIA COPPINO MICHELE 26, 12100 CUNEO",12100,CUNEO,CN,Piemonte,2023
219,OSP.CIVILE SS.ANTONIO E BIAGIO,"VIA VENEZIA 16, 15121 ALESSANDRIA",15121,ALESSANDRIA,AL,Piemonte,2023
220,OSPEDALE MAURIZIANO UMBERTO I - TORINO,"LARGO TURATI FILIPPO 62, 10128 TORINO ",10128,TORINO,TO,Piemonte,2023
221,OSPEDALE OSTETRICO GINECOLOGICO SANT'ANNA,"CORSO SPEZIA 60, 10126 TORINO ",10126,TORINO,TO,Piemonte,2023
222,OSPEDALE CERIGNOLA 'G.TATARELLA',"Via Arcangelo Murgolo, 71042 CERIGNOLA FG",71042,CERIGNOLA,FG,Puglia,2023
223,OSPEDALE GALLIPOLI 'SACRO CUORE DI GESU',"STRADA PROV.LE ALEZIO-GALLIPOLI, 73014 GALLIPOLI LE",73014,GALLIPOLI,LE,Puglia,2023
224,CASA DI CURA SANTA MARIA,"VIA A. DE FERRARIIS 24, 70124 BARI BA",70124,BARI,BA,Puglia,2023
225,CASA DI CURA 'MONTE IMPERATORE',"S.P. NOCI - CASTELLANETA  KM.10, 70015 NOCI BA",70015,NOCI,BA,Puglia,2023
226,CASA DI CURA C.B.H. MATER DEI HOSPITAL,"VIA HAHNEMANN 10, 70126 BARI BA",70126,BARI,BA,Puglia,2023
227,P.O. DELLA MURGIA 'F. PERINEI',"S.S.96 KM 73,800, 70022 ALTAMURA BA",70022,ALTAMURA,BA,Puglia,2023
228,P.O. SAN PAOLO ,"VIA CAPOSCARDICCHIO 1, 70123 BARI BA",70123,BARI,BA,Puglia,2023
229,P.O. MONOPOLI,"LARGO SIMONE VENEZIANI 21, 70043 MONOPOLI BA",70043,MONOPOLI,BA,Puglia,2023
230,OSPEDALE  FRANCAVILLA FONTANA,"VIA MONSIGNOR ARMANDO FRANCO, 72021 FRANCAVILLA FONTANA BR",72021,FRANCAVILLA FONTANA,BR,Puglia,2023
231,OSPEDALE SAN SEVERO - TERESA MASSELLI,"viale 2 giugno, 71016 SAN SEVERO FG",71016,SAN SEVERO,FG,Puglia,2023
232,OSPEDALE SCORRANO,"VIA G. DELLI PONTI, 73020 SCORRANO LE",73020,SCORRANO,LE,Puglia,2023
233,OSPEDALE CASTELLANETA,"VIA DEL MERCATO 60, 74011 CASTELLANETA TA",74011,CASTELLANETA,TA,Puglia,2023
234,OSPEDALE DI VENERE - BARI,"VIA OSPEDALE DI VENERE 1, 70010 BARI BA",70010,BARI,BA,Puglia,2023
235,OSPEDALE PERRINO BRINDISI,"VIA S.S.7 PER MESAGNE, 72100 BRINDISI BR",72100,BRINDISI,BR,Puglia,2023
236,OSPEDALE LECCE 'V FAZZI',"PIAZZETTA MURATORE, 73100 LECCE LE",73100,LECCE,LE,Puglia,2023
237,OSPEDALE SS ANNUNZIATA - TARANTO,"Via Bruno, 74121 TARANTO TA",74121,TARANTO,TA,Puglia,2023
238,OSPEDALE BARLETTA - 'MONS. R. DIMICCOLI',"VIALE IPPOCRATE 15, 76121 BARLETTA BT",76121,BARLETTA,BT,Puglia,2023
239,OSPEDALE  BISCEGLIE,"VIA G. BOVIO 279/A, 76011 BISCEGLIE BT",76011,BISCEGLIE,BT,Puglia,2023
240,CONSORZIALE POLICLINICO BARI,"P.zza Giulio Cesare 11, 70124 BARI BA",70124,BARI,BA,Puglia,2023
241,Ospedali Riuniti di Foggia,"Viale Luigi Pinto 1, 71222 FOGGIA FG",71222,FOGGIA,FG,Puglia,2023
242,OSPEDALE CIVILE ALGHERO,"VIA DON MINZONI, 07041 ALGHERO SS",07041,ALGHERO,SS,Sardegna,2023
243,P.O.  GIOVANNI PAOLO II  OLBIA,"VIA BAZZONI SIRCANA, 07026 OLBIA SS",07026,OLBIA,SS,Sardegna,2023
244,P.O.  SAN FRANCESCO,"VIA MANNIRONI, 08100 NUORO NU",08100,NUORO,NU,Sardegna,2023
245,P.O. 'NOSTRA SIGNORA DELLA MERCEDE',"VIA GIUSEPPE PILIA, 08045 LANUSEI NU",08045,LANUSEI,NU,Sardegna,2023
246,P.O.CTO,"VIA CATTANEO, 09016 IGLESIAS SU",09016,IGLESIAS,SU,Sardegna,2023
247,P.O. SS. TRINITA',"VIA IS MIRRIONIS 92, 09121 CAGLIARI CA",09121,CAGLIARI,CA,Sardegna,2023
248,PRESIDIO OSPEDALIERO N.S. DI BONARIA,"VIA ROMA 1, 09038 SAN GAVINO MONREALE SU",09038,SAN GAVINO MONREALE,SU,Sardegna,2023
249,CASA DI CURA S.ANNA S.R.L.,"VIA LA VEGA 9, 09127 CAGLIARI CA",09127,CAGLIARI,CA,Sardegna,2023
250,CASA DI CURA VILLA ELENA,"VIA DANTE 133, 09128 CAGLIARI CA",09128,CAGLIARI,CA,Sardegna,2023
251,P. OSPEDALIERO 'SAN MARTINO' - ORISTANO,"VIA ROCKEFELLER snc, 09170 ORISTANO OR",09170,ORISTANO,OR,Sardegna,2023
252,STABILIMENTO SAN MICHELE,"PIAZZALE A. RICCHI 1, 09134 CAGLIARI CA",09134,CAGLIARI,CA,Sardegna,2023
253,P.O MICROCITEMICO A.CAO,"VIA JENNER, 09121 CAGLIARI CA",09121,CAGLIARI,CA,Sardegna,2023
254,STABILIMENTO CLINICHE DI SAN PIETRO    ,"VIALE SAN PIETRO 43, 07100 SASSARI SS",07100,SASSARI,SS,Sardegna,2023
255,POLICLINICO MONSERRATO,"SS 554 KM 4,500 POLICLINICO MONSERRATO, 09100 CAGLIARI CA",09100,CAGLIARI,CA,Sardegna,2023
256,P.O. S. GIOVANNI DI DIO,"C/DA CONSOLIDA, 92100 AGRIGENTO AG",92100,AGRIGENTO,AG,Sicilia,2023
257,P.O. BARONE LOMBARDO - CANICATTI',"VIALE GIUDICE SAETTA SNC, 92024 CANICATTI' AG",92024,CANICATTI',AG,Sicilia,2023
258,P.O. S. GIACOMO D'ALTOPASSO LICATA,"C/DA CANNAVECCHIA, 92027 LICATA AG",92027,LICATA,AG,Sicilia,2023
259,P.O. GIOVANNI PAOLO II,"VIA POMPEI - C. DA SENIAZZA, 92019 SCIACCA AG",92019,SCIACCA,AG,Sicilia,2023
260,P.O. S. Marta e S. Venera Acireale,"Via Caronia s.n., 95024 ACIREALE CT",95024,ACIREALE,CT,Sicilia,2023
261,P. O. 'M. CHIELLO',"CONTRADA BELLIA, 94015 PIAZZA ARMERINA EN",94015,PIAZZA ARMERINA,EN,Sicilia,2023
262,P.O. CIVICO PARTINICO,"VIA CIRCONVALLAZIONE 1, 90047 PARTINICO PA",90047,PARTINICO,PA,Sicilia,2023
263,P.O. S. CIMINO TERMINI IMERESE,"VIA SALVATORE CIMINO, 90018 TERMINI IMERESE PA",90018,TERMINI IMERESE,PA,Sicilia,2023
264,P.O. G. F. INGRASSIA,"C.SO CALATAFIMI, 1002, 90100 PALERMO PA",90100,PALERMO,PA,Sicilia,2023
265,OSPEDALE 'Giovanni Paolo II° M.P. A.',"C.DA Cisternazzi via Tiralongo S.N.C, 97100 RAGUSA RG",97100,RAGUSA,RG,Sicilia,2023
266,OSPEDALE MAGGIORE MODICA,"via A.Moro, 97015 MODICA RG",97015,MODICA,RG,Sicilia,2023
267,OSPEDALE GUZZARDI VITTORIA,"VIA PAPA GIOVANNI XXIII, 97019 VITTORIA RG",97019,VITTORIA,RG,Sicilia,2023
268,P.O. DI MARIA AVOLA,"C.DA CHIUSA DI CARLO, 96012 AVOLA SR",96012,AVOLA,SR,Sicilia,2023
269,P.O. UMBERTO I (EX A.O.),"Via Testaferrata 1, 96100 SIRACUSA SR",96100,SIRACUSA,SR,Sicilia,2023
270,P.O. S. ANTONIO ABATE  - TRAPANI,"VIA COSENZA, 82, 91016 ERICE TP",91016,ERICE,TP,Sicilia,2023
271,P.O.ABELE AJELLO-MAZARA D.VALLO,"VIA SALEMI 175, 91026 MAZARA DEL VALLO TP",91026,MAZARA DEL VALLO,TP,Sicilia,2023
272,CASA DI CURA CANDELA SPA,"VIA VILLAREALE  54, 90141 PALERMO PA",90141,PALERMO,PA,Sicilia,2023
273,CASA DI CURA SERENA S.P.A.,"VIA DELLA REGIONE SICILIANA 1470, 90135 PALERMO PA",90135,PALERMO,PA,Sicilia,2023
274,A.O. per l'Emergenza Cannizzaro,"via Messina 829, 95126 CATANIA CT",95126,CATANIA,CT,Sicilia,2023
275,NUOVO OSPEDALE GARIBALDI - NESIMA,"VIA PALERMO 636, 95122 CATANIA CT",95122,CATANIA,CT,Sicilia,2023
276,PRESIDIO OSPEDALIERO S.MARCO,"Viale Carlo Azeglio Ciampi, 95121 CATANIA CT",95121,CATANIA,CT,Sicilia,2023
277,Azienda Osp. Univ. G. Martino,"viale gazzi, 98124 MESSINA ME",98124,MESSINA,ME,Sicilia,2023
278,P.O. V. Cervello,"Via Trabucco 180, 90146 PALERMO PA",90146,PALERMO,PA,Sicilia,2023
279,Ospedale Civico ,"Piazza Nicola Leotta, 90127 PALERMO PA",90127,PALERMO,PA,Sicilia,2023
280,AZ.OSP.UNIV.P.GIACCONE,"Via del Vespro 129, 90127 PALERMO PA",90127,PALERMO,PA,Sicilia,2023
281,PRESIDIO OSPEDALIERO DI CARRARA,"PIAZZA SACCO E VANZETTI, 54033 CARRARA MS",54033,CARRARA,MS,Toscana,2023
282,OSPEDALE DELLE APUANE,"Via MATTEI 21, 54100 MASSA MS",54100,MASSA,MS,Toscana,2023
283,PRESIDIO OSPEDALIERO SAN LUCA,"VIA GUGLIELMO LIPPI FRANCESCONI, 55100 LUCCA LU",55100,LUCCA,LU,Toscana,2023
284,OSPEDALE SAN JACOPO,"VIA CILIEGIOLE 97, 51100 PISTOIA PT",51100,PISTOIA,PT,Toscana,2023
285,OSPEDALE DELLA VALDINIEVOLE,"V. C. BATTISTI PESCIA, 51017 PESCIA PT",51017,PESCIA,PT,Toscana,2023
286,NUOVO OSPEDALE DI PRATO S.STEFANO,"VIA SUOR NICCOLINA INFERMIERA 20/22, 59100 PRATO PO",59100,PRATO,PO,Toscana,2023
287,"PRESIDIO OSPEDALIERO ""S.MARIA MADDALENA""","BORGO S.LAZZARO 5, 56048 VOLTERRA PI",56048,VOLTERRA,PI,Toscana,2023
288,P.O. F. LOTTI STABILIMENTO DI PONTEDERA,"VIA ROMA180, 56025 PONTEDERA PI",56025,PONTEDERA,PI,Toscana,2023
289,OSPEDALE LIVORNO ,"VIALE ALFIERI 36, 57124 LIVORNO LI",57124,LIVORNO,LI,Toscana,2023
290,OSPEDALE DI VILLAMARINA,"VIA FORLANINI 24, 57025 PIOMBINO LI",57025,PIOMBINO,LI,Toscana,2023
291,OSPEDALE CIVILE DI CECINA,"VIA MONTANARA 52B, 47023 CECINA LI",47023,CECINA,LI,Toscana,2023
292,OSPEDALE DI PORTOFERRAIO ,"LOC. S.ROCCO, 57037 PORTOFERRAIO LI",57037,PORTOFERRAIO,LI,Toscana,2023
293,OSPEDALE DEL CASENTINO ,"VIALE FILIPPO TURATI, 52011 BIBBIENA AR",52011,BIBBIENA,AR,Toscana,2023
294,OSPEDALE AREA ARETINA NORD ,"VIA P. NENNI, 52100 AREZZO AR",52100,AREZZO,AR,Toscana,2023
295,OSPEDALE DELLA MISERICORDIA GROSSETO ,"VIA SENESE 169, 58100 GROSSETO GR",58100,GROSSETO,GR,Toscana,2023
296,OSPEDALE DI BORGO SAN LORENZO,"VIALE DELLA RESISTENZA, 50032 BORGO SAN LORENZO FI",50032,BORGO SAN LORENZO,FI,Toscana,2023
297,OSPEDALE S.M.ANNUNZIATA,"VIA DELL'ANTELLA 58, 50012 BAGNO A RIPOLI FI",50012,BAGNO A RIPOLI,FI,Toscana,2023
298,OSPEDALE PIERO PALAGI,"VIALE MICHELANGELO 41, 50125 FIRENZE FI",50125,FIRENZE,FI,Toscana,2023
299,OSP. S. GIOVANNI DI DIO TORREGALLI ,"VIA TORRE GALLI 3, 50143 FIRENZE FI",50143,FIRENZE,FI,Toscana,2023
300,OSPEDALE DELL'ALTA VAL D'ELSA,"LOC.CAMPOSTAGGIA, 53036 POGGIBONSI SI",53036,POGGIBONSI,SI,Toscana,2023
301,OSPEDALI RIUNITI DELLA VAL DI CHIANA ,"VIA PROVINCIALE MONTEPULCIANO 5, 53045 MONTEPULCIANO SI",53045,MONTEPULCIANO,SI,Toscana,2023
302,OSPEDALE VERSILIA,"VIA AURELIA 335, 55043 CAMAIORE LU",55043,CAMAIORE,LU,Toscana,2023
303,OSPEDALE NUOVO VALDARNO,"P.DEL VOLONTARIATO 2 LOC. GRUCCIA, 52025 MONTEVARCHI AR",52025,MONTEVARCHI,AR,Toscana,2023
304,OSPEDALE S. GIUSEPPE ,"VIALE BOCCACCIO, 50053 EMPOLI FI",50053,EMPOLI,FI,Toscana,2023
305,AZIENDA OSPEDALIERO-UNIVERSITARIA PISANA,"VIA ROMA 67, 56126 PISA PI",56126,PISA,PI,Toscana,2023
306,AZIENDA OSPEDALIERA UNIVERSITARIA SENESE,"V.LE BRACCI  LOC.LE SCOTTE, 53100 SIENA SI",53100,SIENA,SI,Toscana,2023
307,AZ. OSPEDALIERO - UNIVERSITARIA CAREGGI,"LARGO BRAMBILLA 3, 50134 FIRENZE FI",50134,FIRENZE,FI,Toscana,2023
308,OSPEDALE DI CITTA` DI CASTELLO,"VIA LUIGI ANGELINI 10, 06012 CITTA' DI CASTELLO PG",06012,CITTA' DI CASTELLO,PG,Umbria,2023
309,OSPEDALE DI UMBERTIDE,"VIA CAMILLO B. CAVOUR 40, 06019 UMBERTIDE PG",06019,UMBERTIDE,PG,Umbria,2023
310,STAB. OSPEDALIERO MEDIA VALLE DEL TEVERE,"Via Buda - Pantalla, 06059 TODI PG",06059,TODI,PG,Umbria,2023
311,OSPEDALE CIVILE SAN MATTEO DEGLI INFERMI,"Via Loreto 3, 06049 SPOLETO PG",06049,SPOLETO,PG,Umbria,2023
312,SANTA MARIA DELLA STELLA,"Localita' Ciconia, 05018 ORVIETO TR",05018,ORVIETO,TR,Umbria,2023
313,STABILIMENTO OSPEDALIERO DI NARNI,"Via Cappuccini Nuovi 3, 05035 NARNI TR",05035,NARNI,TR,Umbria,2023
314,OSPEDALE SAN GIOVANNI BATTISTA FOLIGNO,"Via Arcamone, 06034 FOLIGNO PG",06034,FOLIGNO,PG,Umbria,2023
315,PRESIDIO OSPEDALIERO GUBBIO E G.TADINO,"LARGO UNITA' D'ITALIA - LOCALITA' BRANCA, 06024 GUBBIO PG",06024,GUBBIO,PG,Umbria,2023
316,AZIENDA OSPEDALIERA DI PERUGIA,"PIAZZALE GIORGIO MENGHINI 8/9, 06129 PERUGIA PG",06129,PERUGIA,PG,Umbria,2023
317,AZIENDA OSPEDALIERA 'S. MARIA',"VIA TRISTANO DI JOANNUCCIO, 05100 TERNI TR",05100,TERNI,TR,Umbria,2023
318,OSPEDALE REGIONALE UMBERTO PARINI,"VIALE GINEVRA 3, 11100 AOSTA AO",11100,AOSTA,AO,Valle d'Aosta,2023
319,OSPEDALE PEDERZOLI CASA DI CURA SPA,"VIA MONTE BALDO 24, 37019 PESCHIERA DEL GARDA VR",37019,PESCHIERA DEL GARDA,VR,Veneto,2023
320,OSPEDALE DI  FELTRE,"VIA BAGNOLS SUR CEZE 3, 32032 FELTRE BL",32032,FELTRE,BL,Veneto,2023
321,OSPEDALE DI TREVISO,"PIAZZALE OSPEDALE 1, 31100 TREVISO TV",31100,TREVISO,TV,Veneto,2023
322,OSPEDALE DI  ODERZO,"VIALE LUZZATTI 45, 31046 ODERZO TV",31046,ODERZO,TV,Veneto,2023
323,OSPEDALE DI CONEGLIANO,"VIA BRIGATA BISAGNO 4, 31015 CONEGLIANO TV",31015,CONEGLIANO,TV,Veneto,2023
324,OSPEDALE DI CASTELFRANCO,"VIA DEI CARPANI 16/Z, 31033 CASTELFRANCO VENETO TV",31033,CASTELFRANCO VENETO,TV,Veneto,2023
325,OSPEDALE DI MONTEBELLUNA,"VIA TOGLIATTI 1, 31044 MONTEBELLUNA TV",31044,MONTEBELLUNA,TV,Veneto,2023
326,OSPEDALE DI MESTRE,"VIA PACCAGNELLA 11, 30174 VENEZIA VE",30174,VENEZIA,VE,Veneto,2023
327,OSPEDALE DI VENEZIA,"CASTELLO 6777/A, 30122 VENEZIA VE",30122,VENEZIA,VE,Veneto,2023
328,OSPEDALE DI MIRANO,"VIA DON GIACOBBE SARTOR 4, 30035 MIRANO VE",30035,MIRANO,VE,Veneto,2023
329,OSPEDALE DI CHIOGGIA,"STRADA MADONNA MARINA 500, 30015 CHIOGGIA VE",30015,CHIOGGIA,VE,Veneto,2023
330,OSPEDALE DI PORTOGRUARO,"VIA PIEMONTE 1, 30026 PORTOGRUARO VE",30026,PORTOGRUARO,VE,Veneto,2023
331,OSPEDALE DI SAN DONA' DI PIAVE,"VIA NAZARIO SAURO 25, 30027 SAN DONA' DI PIAVE VE",30027,SAN DONA' DI PIAVE,VE,Veneto,2023
332,OSPEDALE DI ROVIGO,"VIALE TRE MARTIRI 140, 45100 ROVIGO RO",45100,ROVIGO,RO,Veneto,2023
333,OSPEDALE DI ADRIA,"PIAZZA DEGLI ETRUSCHI 9, 45011 ADRIA RO",45011,ADRIA,RO,Veneto,2023
334,OSPEDALE DI CITTADELLA,"VIA RIVA OSPEDALE, 35013 CITTADELLA PD",35013,CITTADELLA,PD,Veneto,2023
335,OSPEDALE DI PIOVE DI SACCO,"VIA S. ROCCO8, 35028 PIOVE DI SACCO PD",35028,PIOVE DI SACCO,PD,Veneto,2023
336,OSPEDALE DI SCHIAVONIA,"VIA ALBERE 30, 35043 MONSELICE PD",35043,MONSELICE,PD,Veneto,2023
337,OSPEDALE DI BASSANO,"VIA DEI LOTTI 40, 36061 BASSANO DEL GRAPPA VI",36061,BASSANO DEL GRAPPA,VI,Veneto,2023
338,OSPEDALE DI ASIAGO,"VIA MARTIRI DI GRANEZZA 42, 36012 ASIAGO VI",36012,ASIAGO,VI,Veneto,2023
339,OSPEDALE DI SANTORSO,"VIA GARZIERE 42, 36014 SANTORSO VI",36014,SANTORSO,VI,Veneto,2023
340,OSPEDALE DI VICENZA,"VIALE RODOLFI 37, 36100 VICENZA VI",36100,VICENZA,VI,Veneto,2023
341,OSPEDALE DI ARZIGNANO,"VIA DEL PARCO 1, 36071 ARZIGNANO VI",36071,ARZIGNANO,VI,Veneto,2023
342,OSPEDALE DI VALDAGNO,"VIA G. GALILEI 1, 36078 VALDAGNO VI",36078,VALDAGNO,VI,Veneto,2023
343,OSPEDALE DI LEGNAGO,"VIA GIANELLA 1, 37045 LEGNAGO VR",37045,LEGNAGO,VR,Veneto,2023
344,OSPEDALE DI SAN BONIFACIO,"VIA CIRCONVALLAZIONE, 37047 SAN BONIFACIO VR",37047,SAN BONIFACIO,VR,Veneto,2023
345,OSPEDALE DI VILLAFRANCA,"VIA OSPEDALE 2, 37069 VILLAFRANCA DI VERONA VR",37069,VILLAFRANCA DI VERONA,VR,Veneto,2023
346,AZIENDA OSPEDALE - UNIVERSITA' PADOVA,"VIA GIUSTINIANI 1, 35128 PADOVA PD",35128,PADOVA,PD,Veneto,2023
347,AOUI VERONA BORGO TRENTO,"PIAZZALE A. STEFANI1, 37126 VERONA VR",37126,VERONA,VR,Veneto,2023
