Data_Report,Nazione,ISO_3166-1,Valore
2019-09-30,Algeria,DZ,723
2019-09-30,Bangladesh,BD,259
2019-09-30,Costa d'Avorio,CI,864
2019-09-30,Guinea,GN,187
2019-09-30,Iran,IR,188
2019-09-30,Iraq,IQ,582
2019-09-30,Marocco,MA,132
2019-09-30,Pakistan,PK,922
2019-09-30,Sudan,SD,344
2019-09-30,Tunisia,TN,2087
2019-09-30,altre,,1233
2019-10-15,Algeria,DZ,786
2019-10-15,Bangladesh,BD,325
2019-10-15,Costa d'Avorio,CI,942
2019-10-15,Guinea,GN,190
2019-10-15,Iran,IR,214
2019-10-15,Iraq,IQ,620
2019-10-15,Marocco,MA,152
2019-10-15,Pakistan,PK,997
2019-10-15,Sudan,SD,344
2019-10-15,Tunisia,TN,2349
2019-10-15,altre,,1536
2019-10-31,Algeria,DZ,944
2019-10-31,Bangladesh,BD,383
2019-10-31,Costa d'Avorio,CI,973
2019-10-31,Guinea,GN,208
2019-10-31,Iran,IR,375
2019-10-31,Iraq,IQ,777
2019-10-31,Marocco,MA,190
2019-10-31,Pakistan,PK,1094
2019-10-31,Sudan,SD,356
2019-10-31,Tunisia,TN,2555
2019-10-31,altre,,1793
2019-11-15,Algeria,DZ,952
2019-11-15,Bangladesh,BD,435
2019-11-15,Costa d'Avorio,CI,1044
2019-11-15,Guinea,GN,236
2019-11-15,Iran,IR,388
2019-11-15,Iraq,IQ,805
2019-11-15,Nigeria,NG,206
2019-11-15,Pakistan,PK,1142
2019-11-15,Sudan,SD,358
2019-11-15,Tunisia,TN,2557
2019-11-15,altre,,1821
2019-11-30,Algeria,DZ,982
2019-11-30,Bangladesh,BD,520
2019-11-30,Costa d'Avorio,CI,1120
2019-11-30,Guinea,GN,277
2019-11-30,Iran,IR,403
2019-11-30,Iraq,IQ,821
2019-11-30,Nigeria,NG,230
2019-11-30,Pakistan,PK,1180
2019-11-30,Sudan,SD,440
2019-11-30,Tunisia,TN,2642
2019-11-30,altre,,2258
2019-12-15,Algeria,DZ,1005
2019-12-15,Bangladesh,BD,581
2019-12-15,Costa d'Avorio,CI,1135
2019-12-15,Guinea,GN,281
2019-12-15,Iran,IR,434
2019-12-15,Iraq,IQ,871
2019-12-15,Marocco,MA,253
2019-12-15,Pakistan,PK,1180
2019-12-15,Sudan,SD,444
2019-12-15,Tunisia,TN,2654
2019-12-15,altre,,2259
2019-12-31,Algeria,DZ,1009
2019-12-31,Bangladesh,BD,602
2019-12-31,Costa d'Avorio,CI,1139
2019-12-31,Guinea,GN,295
2019-12-31,Iran,IR,481
2019-12-31,Iraq,IQ,972
2019-12-31,Pakistan,PK,1180
2019-12-31,Somalia,SO,270
2019-12-31,Sudan,SD,446
2019-12-31,Tunisia,TN,2654
2019-12-31,altre,,2423
2020-01-15,Afghanistan,AF,4
2020-01-15,Algeria,DZ,111
2020-01-15,Camerun,CM,1
2020-01-15,Costa d'Avorio,CI,73
2020-01-15,Guinea,GN,16
2020-01-15,Iran,IR,48
2020-01-15,Iraq,IQ,62
2020-01-15,Mali,ML,4
2020-01-15,Tunisia,TN,17
2020-01-15,Ucraina,UA,3
2020-01-15,altre,,3
2020-01-31,Algeria,DZ,249
2020-01-31,Bangladesh,BD,91
2020-01-31,Costa d'Avorio,CI,126
2020-01-31,Guinea,GN,58
2020-01-31,Iran,IR,48
2020-01-31,Iraq,IQ,62
2020-01-31,Mali,ML,27
2020-01-31,Marocco,MA,46
2020-01-31,Nigeria,NG,25
2020-01-31,Tunisia,TN,40
2020-01-31,altre,,503
2020-02-15,Algeria,DZ,256
2020-02-15,Bangladesh,BD,226
2020-02-15,Costa d'Avorio,CI,218
2020-02-15,Guinea,GN,105
2020-02-15,Iraq,IQ,62
2020-02-15,Mali,ML,57
2020-02-15,Marocco,MA,75
2020-02-15,Somalia,SO,86
2020-02-15,Sudan,SD,238
2020-02-15,Tunisia,TN,84
2020-02-15,altre,,603
2020-02-29,Algeria,DZ,308
2020-02-29,Bangladesh,BD,440
2020-02-29,Costa d'Avorio,CI,283
2020-02-29,Guinea,GN,121
2020-02-29,Mali,ML,115
2020-02-29,Marocco,MA,112
2020-02-29,Nigeria,NG,70
2020-02-29,Somalia,SO,172
2020-02-29,Sudan,SD,245
2020-02-29,Tunisia,TN,94
2020-02-29,altre,,593
2020-03-15,Algeria,DZ,308
2020-03-15,Bangladesh,BD,440
2020-03-15,Costa d'Avorio,CI,283
2020-03-15,Guinea,GN,121
2020-03-15,Mali,ML,115
2020-03-15,Marocco,MA,143
2020-03-15,Nigeria,NG,70
2020-03-15,Somalia,SO,172
2020-03-15,Sudan,SD,245
2020-03-15,Tunisia,TN,133
2020-03-15,altre,,708
2020-03-31,Algeria,DZ,312
2020-03-31,Bangladesh,BD,455
2020-03-31,Costa d'Avorio,CI,310
2020-03-31,Guinea,GN,129
2020-03-31,Iraq,IQ,72
2020-03-31,Mali,ML,122
2020-03-31,Marocco,MA,145
2020-03-31,Somalia,SO,172
2020-03-31,Sudan,SD,248
2020-03-31,Tunisia,TN,154
2020-03-31,altre,,675
2020-04-15,Algeria,DZ,319
2020-04-15,Bangladesh,BD,493
2020-04-15,Costa d'Avorio,CI,345
2020-04-15,Guinea,GN,145
2020-04-15,Mali,ML,144
2020-04-15,Marocco,MA,234
2020-04-15,Nigeria,NG,75
2020-04-15,Somalia,SO,207
2020-04-15,Sudan,SD,290
2020-04-15,Tunisia,TN,178
2020-04-15,altre,,801
2020-04-30,Algeria,DZ,319
2020-04-30,Bangladesh,BD,494
2020-04-30,Costa d'Avorio,CI,407
2020-04-30,Egitto,EG,84
2020-04-30,Guinea,GN,165
2020-04-30,Mali,ML,152
2020-04-30,Marocco,MA,237
2020-04-30,Somalia,SO,208
2020-04-30,Sudan,SD,357
2020-04-30,Tunisia,TN,186
2020-04-30,altre,,856
2020-05-15,Algeria,DZ,323
2020-05-15,Bangladesh,BD,830
2020-05-15,Costa d'Avorio,CI,571
2020-05-15,Egitto,EG,88
2020-05-15,Guinea,GN,206
2020-05-15,Mali,ML,162
2020-05-15,Marocco,MA,309
2020-05-15,Somalia,SO,211
2020-05-15,Sudan,SD,390
2020-05-15,Tunisia,TN,270
2020-05-15,altre,,877
2020-05-31,Algeria,DZ,372
2020-05-31,Bangladesh,BD,974
2020-05-31,Costa d'Avorio,CI,665
2020-05-31,Guinea,GN,214
2020-05-31,Mali,ML,165
2020-05-31,Marocco,MA,322
2020-05-31,Nigeria,NG,117
2020-05-31,Somalia,SO,228
2020-05-31,Sudan,SD,396
2020-05-31,Tunisia,TN,590
2020-05-31,altre,,1076
2020-06-15,Algeria,DZ,377
2020-06-15,Bangladesh,BD,1050
2020-06-15,Costa d'Avorio,CI,776
2020-06-15,Guinea,GN,233
2020-06-15,Mali,ML,167
2020-06-15,Marocco,MA,322
2020-06-15,Nigeria,NG,123
2020-06-15,Somalia,SO,228
2020-06-15,Sudan,SD,456
2020-06-15,Tunisia,TN,892
2020-06-15,altre,,1015
2020-06-30,Algeria,DZ,427
2020-06-30,Bangladesh,BD,1237
2020-06-30,Costa d'Avorio,CI,777
2020-06-30,Guinea,GN,243
2020-06-30,Mali,ML,168
2020-06-30,Marocco,MA,335
2020-06-30,Nigeria,NG,123
2020-06-30,Somalia,SO,230
2020-06-30,Sudan,SD,457
2020-06-30,Tunisia,TN,1303
2020-06-30,altre,,1512
2020-07-15,Algeria,DZ,503
2020-07-15,Bangladesh,BD,1733
2020-07-15,Costa d'Avorio,CI,795
2020-07-15,Egitto,EG,174
2020-07-15,Guinea,GN,245
2020-07-15,Marocco,MA,365
2020-07-15,Pakistan,PK,230
2020-07-15,Somalia,SO,233
2020-07-15,Sudan,SD,461
2020-07-15,Tunisia,TN,2830
2020-07-15,altre,,2137
2020-07-31,Algeria,DZ,630
2020-07-31,Bangladesh,BD,1830
2020-07-31,Costa d'Avorio,CI,819
2020-07-31,Egitto,EG,220
2020-07-31,Guinea,GN,252
2020-07-31,Marocco,MA,377
2020-07-31,Pakistan,PK,358
2020-07-31,Somalia,SO,273
2020-07-31,Sudan,SD,466
2020-07-31,Tunisia,TN,5357
2020-07-31,altre,,3128
2020-08-15,Algeria,DZ,750
2020-08-15,Bangladesh,BD,2365
2020-08-15,Costa d'Avorio,CI,872
2020-08-15,Egitto,EG,331
2020-08-15,Guinea,GN,301
2020-08-15,Marocco,MA,504
2020-08-15,Pakistan,PK,568
2020-08-15,Somalia,SO,356
2020-08-15,Sudan,SD,546
2020-08-15,Tunisia,TN,6473
2020-08-15,altre,,2385
2020-08-31,Algeria,DZ,858
2020-08-31,Bangladesh,BD,3041
2020-08-31,Costa d'Avorio,CI,911
2020-08-31,Egitto,EG,494
2020-08-31,Guinea,GN,355
2020-08-31,Marocco,MA,569
2020-08-31,Pakistan,PK,667
2020-08-31,Somalia,SO,549
2020-08-31,Sudan,SD,643
2020-08-31,Tunisia,TN,7885
2020-08-31,altre,,3222
2020-09-15,Afghanistan,AF,501
2020-09-15,Algeria,DZ,921
2020-09-15,Bangladesh,BD,3058
2020-09-15,Costa d'Avorio,CI,1006
2020-09-15,Egitto,EG,524
2020-09-15,Marocco,MA,587
2020-09-15,Pakistan,PK,800
2020-09-15,Somalia,SO,569
2020-09-15,Sudan,SD,740
2020-09-15,Tunisia,TN,8623
2020-09-15,altre,,3716
2020-09-30,Afghanistan,AF,516
2020-09-30,Algeria,DZ,1125
2020-09-30,Bangladesh,BD,3175
2020-09-30,Costa d'Avorio,CI,1031
2020-09-30,Egitto,EG,598
2020-09-30,Marocco,MA,619
2020-09-30,Pakistan,PK,948
2020-09-30,Somalia,SO,587
2020-09-30,Sudan,SD,799
2020-09-30,Tunisia,TN,9878
2020-09-30,altre,,4444
2020-10-15,Afghanistan,AF,676
2020-10-15,Algeria,DZ,1166
2020-10-15,Bangladesh,BD,3333
2020-10-15,Costa d'Avorio,CI,1112
2020-10-15,Egitto,EG,758
2020-10-15,Marocco,MA,691
2020-10-15,Pakistan,PK,1076
2020-10-15,Somalia,SO,618
2020-10-15,Sudan,SD,791
2020-10-15,Tunisia,TN,10745
2020-10-15,altre,,4954
2020-10-31,Afghanistan,AF,794
2020-10-31,Algeria,DZ,1205
2020-10-31,Bangladesh,BD,3391
2020-10-31,Costa d'Avorio,CI,1234
2020-10-31,Egitto,EG,914
2020-10-31,Iran,IR,653
2020-10-31,Marocco,MA,719
2020-10-31,Pakistan,PK,1275
2020-10-31,Sudan,SD,884
2020-10-31,Tunisia,TN,11195
2020-10-31,altre,,4926
2020-11-15,Afghanistan,AF,794
2020-11-15,Algeria,DZ,1376
2020-11-15,Bangladesh,BD,3714
2020-11-15,Costa d'Avorio,CI,1401
2020-11-15,Egitto,EG,1063
2020-11-15,Marocco,MA,957
2020-11-15,Pakistan,PK,1345
2020-11-15,Somalia,SO,772
2020-11-15,Sudan,SD,979
2020-11-15,Tunisia,TN,12430
2020-11-15,altre,,7206
2020-11-30,Afghanistan,AF,949
2020-11-30,Algeria,DZ,1379
2020-11-30,Bangladesh,BD,4132
2020-11-30,Costa d'Avorio,CI,1739
2020-11-30,Egitto,EG,1155
2020-11-30,Marocco,MA,995
2020-11-30,Pakistan,PK,1358
2020-11-30,Somalia,SO,809
2020-11-30,Sudan,SD,1043
2020-11-30,Tunisia,TN,12490
2020-11-30,altre,,6514
2020-12-15,Afghanistan,AF,950
2020-12-15,Algeria,DZ,1379
2020-12-15,Bangladesh,BD,4132
2020-12-15,Costa d'Avorio,CI,1807
2020-12-15,Egitto,EG,1206
2020-12-15,Marocco,MA,996
2020-12-15,Pakistan,PK,1358
2020-12-15,Somalia,SO,876
2020-12-15,Sudan,SD,1099
2020-12-15,Tunisia,TN,12542
2020-12-15,altre,,6574
2020-12-31,Afghanistan,AF,1009
2020-12-31,Algeria,DZ,1458
2020-12-31,Bangladesh,BD,4141
2020-12-31,Costa d'Avorio,CI,1950
2020-12-31,Egitto,EG,1264
2020-12-31,Iran,IR,970
2020-12-31,Marocco,MA,1030
2020-12-31,Pakistan,PK,1400
2020-12-31,Sudan,SD,1125
2020-12-31,Tunisia,TN,12883
2020-12-31,altre,,6924
2021-01-15,Afghanistan,AF,50
2021-01-15,Bangladesh,BD,0
2021-01-15,Costa d'Avorio,CI,0
2021-01-15,Egitto,EG,0
2021-01-15,Iran,IR,1
2021-01-15,Marocco,MA,0
2021-01-15,Pakistan,PK,0
2021-01-15,Sudan,SD,0
2021-01-15,Tunisia,TN,22
2021-01-15,Turchia,TR,2
2021-01-15,altre,,265
2021-01-31,Afghanistan,AF,50
2021-01-31,Costa d'Avorio,CI,11
2021-01-31,Egitto,EG,20
2021-01-31,Eritrea,ER,217
2021-01-31,Etiopia,ET,17
2021-01-31,Guinea,GN,29
2021-01-31,Mali,ML,24
2021-01-31,Senegal,SN,8
2021-01-31,Sudan,SD,33
2021-01-31,Tunisia,TN,61
2021-01-31,altre,,569
2021-02-15,Afghanistan,AF,76
2021-02-15,Algeria,DZ,125
2021-02-15,Bangladesh,BD,83
2021-02-15,Camerun,CM,64
2021-02-15,Costa d'Avorio,CI,249
2021-02-15,Eritrea,ER,217
2021-02-15,Guinea,GN,254
2021-02-15,Mali,ML,129
2021-02-15,Sudan,SD,94
2021-02-15,Tunisia,TN,334
2021-02-15,altre,,716
2021-02-28,Algeria,DZ,229
2021-02-28,Bangladesh,BD,364
2021-02-28,Costa d'Avorio,CI,470
2021-02-28,Egitto,EG,200
2021-02-28,Eritrea,ER,239
2021-02-28,Guinea,GN,305
2021-02-28,Mali,ML,155
2021-02-28,Marocco,MA,131
2021-02-28,Sudan,SD,194
2021-02-28,Tunisia,TN,699
2021-02-28,altre,,1937
2021-03-15,Algeria,DZ,291
2021-03-15,Bangladesh,BD,493
2021-03-15,Camerun,CM,164
2021-03-15,Costa d'Avorio,CI,960
2021-03-15,Egitto,EG,232
2021-03-15,Eritrea,ER,343
2021-03-15,Guinea,GN,598
2021-03-15,Mali,ML,271
2021-03-15,Sudan,SD,381
2021-03-15,Tunisia,TN,819
2021-03-15,altre,,1490
2021-03-31,Algeria,DZ,304
2021-03-31,Bangladesh,BD,493
2021-03-31,Camerun,CM,174
2021-03-31,Costa d'Avorio,CI,1019
2021-03-31,Egitto,EG,233
2021-03-31,Eritrea,ER,343
2021-03-31,Guinea,GN,697
2021-03-31,Mali,ML,302
2021-03-31,Sudan,SD,388
2021-03-31,Tunisia,TN,1055
2021-03-31,altre,,1989
2021-04-15,Algeria,DZ,320
2021-04-15,Bangladesh,BD,931
2021-04-15,Costa d'Avorio,CI,1192
2021-04-15,Egitto,EG,452
2021-04-15,Eritrea,ER,436
2021-04-15,Guinea,GN,812
2021-04-15,Mali,ML,447
2021-04-15,Marocco,MA,336
2021-04-15,Sudan,SD,559
2021-04-15,Tunisia,TN,1240
2021-04-15,altre,,1780
2021-04-30,Algeria,DZ,345
2021-04-30,Bangladesh,BD,939
2021-04-30,Costa d'Avorio,CI,1207
2021-04-30,Egitto,EG,580
2021-04-30,Eritrea,ER,436
2021-04-30,Guinea,GN,814
2021-04-30,Mali,ML,447
2021-04-30,Marocco,MA,336
2021-04-30,Sudan,SD,559
2021-04-30,Tunisia,TN,1385
2021-04-30,altre,,1965
2021-05-15,Algeria,DZ,385
2021-05-15,Bangladesh,BD,2165
2021-05-15,Costa d'Avorio,CI,1301
2021-05-15,Egitto,EG,784
2021-05-15,Eritrea,ER,795
2021-05-15,Guinea,GN,860
2021-05-15,Mali,ML,506
2021-05-15,Marocco,MA,488
2021-05-15,Sudan,SD,773
2021-05-15,Tunisia,TN,1738
2021-05-15,altre,,3337
2021-05-31,Algeria,DZ,413
2021-05-31,Bangladesh,BD,2520
2021-05-31,Costa d'Avorio,CI,1379
2021-05-31,Egitto,EG,914
2021-05-31,Eritrea,ER,969
2021-05-31,Guinea,GN,914
2021-05-31,Mali,ML,557
2021-05-31,Marocco,MA,572
2021-05-31,Sudan,SD,878
2021-05-31,Tunisia,TN,1981
2021-05-31,altre,,3315
2021-06-15,Algeria,DZ,550
2021-06-15,Bangladesh,BD,2704
2021-06-15,Costa d'Avorio,CI,1417
2021-06-15,Egitto,EG,1066
2021-06-15,Eritrea,ER,1009
2021-06-15,Guinea,GN,952
2021-06-15,Mali,ML,572
2021-06-15,Marocco,MA,632
2021-06-15,Sudan,SD,911
2021-06-15,Tunisia,TN,2627
2021-06-15,altre,,5258
2021-06-30,Bangladesh,BD,3144
2021-06-30,Costa d'Avorio,CI,1618
2021-06-30,Egitto,EG,1543
2021-06-30,Eritrea,ER,1195
2021-06-30,Guinea,GN,1065
2021-06-30,Iran,IR,821
2021-06-30,Mali,ML,661
2021-06-30,Marocco,MA,924
2021-06-30,Sudan,SD,1142
2021-06-30,Tunisia,TN,2962
2021-06-30,altre,,5284
2021-07-31,Bangladesh,BD,4176
2021-07-31,Costa d'Avorio,CI,2031
2021-07-31,Egitto,EG,2291
2021-07-31,Eritrea,ER,1428
2021-07-31,Guinea,GN,1408
2021-07-31,Iran,IR,1268
2021-07-31,Iraq,IQ,836
2021-07-31,Marocco,MA,1081
2021-07-31,Sudan,SD,1309
2021-07-31,Tunisia,TN,6869
2021-07-31,altre,,6173
2021-08-15,Bangladesh,BD,4656
2021-08-15,Costa d'Avorio,CI,2266
2021-08-15,Egitto,EG,2532
2021-08-15,Eritrea,ER,1452
2021-08-15,Guinea,GN,1520
2021-08-15,Iran,IR,1398
2021-08-15,Iraq,IQ,941
2021-08-15,Marocco,MA,1129
2021-08-15,Sudan,SD,1347
2021-08-15,Tunisia,TN,8809
2021-08-15,altre,,7924
2021-08-31,Bangladesh,BD,5275
2021-08-31,Costa d'Avorio,CI,2651
2021-08-31,Egitto,EG,3504
2021-08-31,Eritrea,ER,1557
2021-08-31,Guinea,GN,1630
2021-08-31,Iran,IR,1679
2021-08-31,Iraq,IQ,1132
2021-08-31,Marocco,MA,1464
2021-08-31,Sudan,SD,1459
2021-08-31,Tunisia,TN,10801
2021-08-31,altre,,7930
2021-09-15,Bangladesh,BD,5342
2021-09-15,Costa d'Avorio,CI,2791
2021-09-15,Egitto,EG,3754
2021-09-15,Eritrea,ER,1557
2021-09-15,Guinea,GN,1688
2021-09-15,Iran,IR,1978
2021-09-15,Iraq,IQ,1447
2021-09-15,Marocco,MA,1464
2021-09-15,Sudan,SD,1459
2021-09-15,Tunisia,TN,12511
2021-09-15,altre,,8195
2021-09-30,Bangladesh,BD,5560
2021-09-30,Costa d'Avorio,CI,2872
2021-09-30,Egitto,EG,4432
2021-09-30,Eritrea,ER,1604
2021-09-30,Guinea,GN,1841
2021-09-30,Iran,IR,2377
2021-09-30,Iraq,IQ,1723
2021-09-30,Marocco,MA,1483
2021-09-30,Sudan,SD,1528
2021-09-30,Tunisia,TN,12834
2021-09-30,altre,,9913
2021-10-15,Bangladesh,BD,6242
2021-10-15,Costa d'Avorio,CI,3003
2021-10-15,Egitto,EG,5136
2021-10-15,Eritrea,ER,1709
2021-10-15,Guinea,GN,1889
2021-10-15,Iran,IR,2926
2021-10-15,Iraq,IQ,2072
2021-10-15,Marocco,MA,1592
2021-10-15,Sudan,SD,1551
2021-10-15,Tunisia,TN,13637
2021-10-15,altre,,9478
2021-10-31,Bangladesh,BD,6448
2021-10-31,Costa d'Avorio,CI,3194
2021-10-31,Egitto,EG,6212
2021-10-31,Eritrea,ER,1720
2021-10-31,Guinea,GN,1961
2021-10-31,Iran,IR,3337
2021-10-31,Iraq,IQ,2276
2021-10-31,Marocco,MA,1621
2021-10-31,Sudan,SD,1579
2021-10-31,Tunisia,TN,14187
2021-10-31,altre,,10740
2021-11-15,Bangladesh,BD,6934
2021-11-15,Costa d'Avorio,CI,3309
2021-11-15,Egitto,EG,6573
2021-11-15,Eritrea,ER,1798
2021-11-15,Guinea,GN,2050
2021-11-15,Iran,IR,3587
2021-11-15,Iraq,IQ,2456
2021-11-15,Marocco,MA,2088
2021-11-15,Sudan,SD,1652
2021-11-15,Tunisia,TN,14770
2021-11-15,altre,,13918
2021-11-30,Bangladesh,BD,7542
2021-11-30,Costa d'Avorio,CI,3564
2021-11-30,Egitto,EG,7834
2021-11-30,Eritrea,ER,2112
2021-11-30,Guinea,GN,2311
2021-11-30,Iran,IR,3755
2021-11-30,Iraq,IQ,2500
2021-11-30,Marocco,MA,2162
2021-11-30,Siria,SY,1909
2021-11-30,Tunisia,TN,15055
2021-11-30,altre,,14197
2021-12-15,Bangladesh,BD,7567
2021-12-15,Costa d'Avorio,CI,3634
2021-12-15,Egitto,EG,8109
2021-12-15,Eritrea,ER,2187
2021-12-15,Guinea,GN,2348
2021-12-15,Iran,IR,3848
2021-12-15,Iraq,IQ,2534
2021-12-15,Marocco,MA,2167
2021-12-15,Siria,SY,2192
2021-12-15,Tunisia,TN,15036
2021-12-15,altre,,13454
2021-12-31,Bangladesh,BD,7824
2021-12-31,Costa d'Avorio,CI,3807
2021-12-31,Egitto,EG,8352
2021-12-31,Eritrea,ER,2328
2021-12-31,Guinea,GN,2446
2021-12-31,Iran,IR,3915
2021-12-31,Iraq,IQ,2645
2021-12-31,Marocco,MA,2193
2021-12-31,Siria,SY,2266
2021-12-31,Tunisia,TN,15671
2021-12-31,altre,,15593
2022-01-15,Afghanistan,AF,91
2022-01-15,Algeria,DZ,55
2022-01-15,Bangladesh,BD,82
2022-01-15,Costa d'Avorio,CI,29
2022-01-15,Egitto,EG,23
2022-01-15,Eritrea,ER,3
2022-01-15,Guinea,GN,22
2022-01-15,Pakistan,PK,9
2022-01-15,Sudan,SD,3
2022-01-15,Tunisia,TN,53
2022-01-15,altre,,8
2022-01-31,Afghanistan,AF,91
2022-01-31,Algeria,DZ,56
2022-01-31,Bangladesh,BD,713
2022-01-31,Camerun,CM,68
2022-01-31,Costa d'Avorio,CI,151
2022-01-31,Egitto,EG,405
2022-01-31,Eritrea,ER,71
2022-01-31,Guinea,GN,84
2022-01-31,Siria,SY,31
2022-01-31,Tunisia,TN,339
2022-01-31,altre,,1026
2022-02-15,Afghanistan,AF,91
2022-02-15,Bangladesh,BD,904
2022-02-15,Camerun,CM,74
2022-02-15,Costa d'Avorio,CI,213
2022-02-15,Egitto,EG,658
2022-02-15,Eritrea,ER,187
2022-02-15,Guinea,GN,131
2022-02-15,Pakistan,PK,98
2022-02-15,Sudan,SD,88
2022-02-15,Tunisia,TN,596
2022-02-15,altre,,1040
2022-02-28,Afghanistan,AF,331
2022-02-28,Bangladesh,BD,1238
2022-02-28,Camerun,CM,106
2022-02-28,Costa d'Avorio,CI,273
2022-02-28,Egitto,EG,1383
2022-02-28,Eritrea,ER,213
2022-02-28,Guinea,GN,147
2022-02-28,Siria,SY,262
2022-02-28,Sudan,SD,118
2022-02-28,Tunisia,TN,690
2022-02-28,altre,,713
2022-03-15,Afghanistan,AF,469
2022-03-15,Bangladesh,BD,1241
2022-03-15,Camerun,CM,108
2022-03-15,Costa d'Avorio,CI,295
2022-03-15,Egitto,EG,1518
2022-03-15,Eritrea,ER,315
2022-03-15,Guinea,GN,191
2022-03-15,Siria,SY,277
2022-03-15,Sudan,SD,133
2022-03-15,Tunisia,TN,870
2022-03-15,altre,,846
2022-03-31,Afghanistan,AF,469
2022-03-31,Bangladesh,BD,1276
2022-03-31,Camerun,CM,145
2022-03-31,Costa d'Avorio,CI,393
2022-03-31,Egitto,EG,1621
2022-03-31,Eritrea,ER,341
2022-03-31,Guinea,GN,234
2022-03-31,Siria,SY,291
2022-03-31,Sudan,SD,140
2022-03-31,Tunisia,TN,918
2022-03-31,altre,,942
2022-04-15,Afghanistan,AF,586
2022-04-15,Bangladesh,BD,1422
2022-04-15,Camerun,CM,186
2022-04-15,Costa d'Avorio,CI,525
2022-04-15,Egitto,EG,1877
2022-04-15,Eritrea,ER,370
2022-04-15,Guinea,GN,320
2022-04-15,Siria,SY,303
2022-04-15,Sudan,SD,245
2022-04-15,Tunisia,TN,997
2022-04-15,altre,,1610
2022-04-30,Afghanistan,AF,690
2022-04-30,Bangladesh,BD,1545
2022-04-30,Costa d'Avorio,CI,576
2022-04-30,Egitto,EG,2000
2022-04-30,Eritrea,ER,370
2022-04-30,Guinea,GN,393
2022-04-30,Nigeria,NG,239
2022-04-30,Siria,SY,370
2022-04-30,Sudan,SD,247
2022-04-30,Tunisia,TN,1234
2022-04-30,altre,,2789
2022-05-15,Afghanistan,AF,1240
2022-05-15,Bangladesh,BD,2176
2022-05-15,Costa d'Avorio,CI,692
2022-05-15,Egitto,EG,2464
2022-05-15,Eritrea,ER,485
2022-05-15,Guinea,GN,481
2022-05-15,Iran,IR,349
2022-05-15,Siria,SY,889
2022-05-15,Sudan,SD,314
2022-05-15,Tunisia,TN,1607
2022-05-15,altre,,3379
2022-05-31,Afghanistan,AF,2031
2022-05-31,Bangladesh,BD,3084
2022-05-31,Costa d'Avorio,CI,887
2022-05-31,Egitto,EG,3388
2022-05-31,Eritrea,ER,571
2022-05-31,Guinea,GN,625
2022-05-31,Iran,IR,619
2022-05-31,Siria,SY,1315
2022-05-31,Sudan,SD,426
2022-05-31,Tunisia,TN,2206
2022-05-31,altre,,4264
2022-06-15,Afghanistan,AF,2421
2022-06-15,Bangladesh,BD,4120
2022-06-15,Costa d'Avorio,CI,931
2022-06-15,Egitto,EG,3935
2022-06-15,Eritrea,ER,616
2022-06-15,Guinea,GN,640
2022-06-15,Iran,IR,678
2022-06-15,Siria,SY,1462
2022-06-15,Sudan,SD,466
2022-06-15,Tunisia,TN,2757
2022-06-15,altre,,4152
2022-06-30,Afghanistan,AF,2724
2022-06-30,Bangladesh,BD,4688
2022-06-30,Costa d'Avorio,CI,1057
2022-06-30,Egitto,EG,4267
2022-06-30,Eritrea,ER,786
2022-06-30,Guinea,GN,688
2022-06-30,Iran,IR,703
2022-06-30,Siria,SY,1551
2022-06-30,Sudan,SD,500
2022-06-30,Tunisia,TN,3996
2022-06-30,altre,,6464
2022-07-15,Afghanistan,AF,3292
2022-07-15,Bangladesh,BD,5730
2022-07-15,Costa d'Avorio,CI,1210
2022-07-15,Egitto,EG,5391
2022-07-15,Eritrea,ER,939
2022-07-15,Guinea,GN,872
2022-07-15,Iran,IR,761
2022-07-15,Pakistan,PK,645
2022-07-15,Siria,SY,1922
2022-07-15,Tunisia,TN,5003
2022-07-15,altre,,6182
2022-07-31,Afghanistan,AF,3306
2022-07-31,Bangladesh,BD,5996
2022-07-31,Costa d'Avorio,CI,1390
2022-07-31,Egitto,EG,6636
2022-07-31,Eritrea,ER,989
2022-07-31,Guinea,GN,978
2022-07-31,Iran,IR,762
2022-07-31,Pakistan,PK,713
2022-07-31,Siria,SY,2365
2022-07-31,Tunisia,TN,7427
2022-07-31,altre,,10608
2022-08-15,Afghanistan,AF,3586
2022-08-15,Bangladesh,BD,7639
2022-08-15,Costa d'Avorio,CI,1849
2022-08-15,Egitto,EG,8823
2022-08-15,Eritrea,ER,1470
2022-08-15,Guinea,GN,1237
2022-08-15,Iran,IR,871
2022-08-15,Pakistan,PK,944
2022-08-15,Siria,SY,2832
2022-08-15,Tunisia,TN,9506
2022-08-15,altre,,9334
2022-08-31,Afghanistan,AF,4256
2022-08-31,Bangladesh,BD,8727
2022-08-31,Costa d'Avorio,CI,1917
2022-08-31,Egitto,EG,9958
2022-08-31,Eritrea,ER,1563
2022-08-31,Guinea,GN,1303
2022-08-31,Iran,IR,1175
2022-08-31,Pakistan,PK,1271
2022-08-31,Siria,SY,3118
2022-08-31,Tunisia,TN,11742
2022-08-31,altre,,12138
2022-09-15,Afghanistan,AF,5271
2022-09-15,Bangladesh,BD,10016
2022-09-15,Costa d'Avorio,CI,2100
2022-09-15,Egitto,EG,12697
2022-09-15,Eritrea,ER,1662
2022-09-15,Guinea,GN,1492
2022-09-15,Iran,IR,1513
2022-09-15,Pakistan,PK,1486
2022-09-15,Siria,SY,4204
2022-09-15,Tunisia,TN,14036
2022-09-15,altre,,11685
2022-09-30,Afghanistan,AF,5445
2022-09-30,Bangladesh,BD,10886
2022-09-30,Costa d'Avorio,CI,2320
2022-09-30,Egitto,EG,14194
2022-09-30,Eritrea,ER,1904
2022-09-30,Guinea,GN,1682
2022-09-30,Iran,IR,1586
2022-09-30,Pakistan,PK,1691
2022-09-30,Siria,SY,5316
2022-09-30,Tunisia,TN,14600
2022-09-30,altre,,11701
2022-10-15,Afghanistan,AF,5746
2022-10-15,Bangladesh,BD,11126
2022-10-15,Costa d'Avorio,CI,2514
2022-10-15,Egitto,EG,15958
2022-10-15,Eritrea,ER,1920
2022-10-15,Guinea,GN,1964
2022-10-15,Iran,IR,1723
2022-10-15,Pakistan,PK,1815
2022-10-15,Siria,SY,5831
2022-10-15,Tunisia,TN,15558
2022-10-15,altre,,11211
2022-10-31,Afghanistan,AF,5878
2022-10-31,Bangladesh,BD,11845
2022-10-31,Costa d'Avorio,CI,2972
2022-10-31,Egitto,EG,16415
2022-10-31,Eritrea,ER,1925
2022-10-31,Guinea,GN,2478
2022-10-31,Iran,IR,1909
2022-10-31,Pakistan,PK,1882
2022-10-31,Siria,SY,6090
2022-10-31,Tunisia,TN,16699
2022-10-31,altre,,16948
2022-11-15,Afghanistan,AF,6625
2022-11-15,Bangladesh,BD,13007
2022-11-15,Costa d'Avorio,CI,4076
2022-11-15,Egitto,EG,18841
2022-11-15,Eritrea,ER,2053
2022-11-15,Guinea,GN,3159
2022-11-15,Iran,IR,2181
2022-11-15,Pakistan,PK,2410
2022-11-15,Siria,SY,7007
2022-11-15,Tunisia,TN,17295
2022-11-15,altre,,16263
2022-11-30,Afghanistan,AF,6809
2022-11-30,Bangladesh,BD,14028
2022-11-30,Costa d'Avorio,CI,4794
2022-11-30,Egitto,EG,20020
2022-11-30,Eritrea,ER,2054
2022-11-30,Guinea,GN,3685
2022-11-30,Iran,IR,2261
2022-11-30,Pakistan,PK,2705
2022-11-30,Siria,SY,7934
2022-11-30,Tunisia,TN,17443
2022-11-30,altre,,12608
2022-12-15,Afghanistan,AF,7161
2022-12-15,Bangladesh,BD,14299
2022-12-15,Costa d'Avorio,CI,5311
2022-12-15,Egitto,EG,20290
2022-12-15,Eritrea,ER,2060
2022-12-15,Guinea,GN,4074
2022-12-15,Iran,IR,2308
2022-12-15,Pakistan,PK,3065
2022-12-15,Siria,SY,8337
2022-12-15,Tunisia,TN,17617
2022-12-15,altre,,14130
2022-12-31,Afghanistan,AF,7241
2022-12-31,Bangladesh,BD,14982
2022-12-31,Costa d'Avorio,CI,5973
2022-12-31,Egitto,EG,20542
2022-12-31,Eritrea,ER,2101
2022-12-31,Guinea,GN,4473
2022-12-31,Iran,IR,2326
2022-12-31,Pakistan,PK,3188
2022-12-31,Siria,SY,8594
2022-12-31,Tunisia,TN,18148
2022-12-31,altre,,17561
2023-01-15,Afghanistan,AF,334
2023-01-15,Bangladesh,BD,188
2023-01-15,Camerun,CM,131
2023-01-15,Costa d'Avorio,CI,725
2023-01-15,Egitto,EG,357
2023-01-15,Eritrea,ER,190
2023-01-15,Guinea,GN,364
2023-01-15,Pakistan,PK,414
2023-01-15,Siria,SY,249
2023-01-15,Tunisia,TN,134
2023-01-15,altre,,722
2023-01-31,Afghanistan,AF,334
2023-01-31,Bangladesh,BD,232
2023-01-31,Camerun,CM,145
2023-01-31,Costa d'Avorio,CI,799
2023-01-31,Egitto,EG,358
2023-01-31,Eritrea,ER,213
2023-01-31,Guinea,GN,502
2023-01-31,Pakistan,PK,414
2023-01-31,Siria,SY,253
2023-01-31,Tunisia,TN,341
2023-01-31,altre,,1368
2023-02-15,Afghanistan,AF,336
2023-02-15,Bangladesh,BD,253
2023-02-15,Camerun,CM,225
2023-02-15,Costa d'Avorio,CI,1032
2023-02-15,Egitto,EG,430
2023-02-15,Eritrea,ER,236
2023-02-15,Guinea,GN,912
2023-02-15,Pakistan,PK,967
2023-02-15,Siria,SY,338
2023-02-15,Tunisia,TN,373
2023-02-15,altre,,1732
2023-02-28,Bangladesh,BD,1066
2023-02-28,Burkina Faso,BF,447
2023-02-28,Camerun,CM,508
2023-02-28,Costa d'Avorio,CI,2020
2023-02-28,Egitto,EG,621
2023-02-28,Eritrea,ER,462
2023-02-28,Guinea,GN,2050
2023-02-28,Mali,ML,495
2023-02-28,Pakistan,PK,1107
2023-02-28,Tunisia,TN,1117
2023-02-28,altre,,4540
2023-03-15,Bangladesh,BD,1506
2023-03-15,Burkina Faso,BF,601
2023-03-15,Camerun,CM,826
2023-03-15,Costa d'Avorio,CI,3002
2023-03-15,Egitto,EG,769
2023-03-15,Eritrea,ER,542
2023-03-15,Guinea,GN,2806
2023-03-15,Mali,ML,666
2023-03-15,Pakistan,PK,1541
2023-03-15,Tunisia,TN,1421
2023-03-15,altre,,6341
2023-03-31,Bangladesh,BD,1941
2023-03-31,Burkina Faso,BF,732
2023-03-31,Camerun,CM,1083
2023-03-31,Costa d'Avorio,CI,4047
2023-03-31,Egitto,EG,1860
2023-03-31,Guinea,GN,3352
2023-03-31,Mali,ML,814
2023-03-31,Pakistan,PK,2221
2023-03-31,Siria,SY,938
2023-03-31,Tunisia,TN,1888
2023-03-31,altre,,8404
2023-04-15,Bangladesh,BD,2339
2023-04-15,Burkina Faso,BF,966
2023-04-15,Camerun,CM,1590
2023-04-15,Costa d'Avorio,CI,5568
2023-04-15,Egitto,EG,2685
2023-04-15,Guinea,GN,4208
2023-04-15,Mali,ML,1053
2023-04-15,Pakistan,PK,3412
2023-04-15,Siria,SY,1330
2023-04-15,Tunisia,TN,2764
2023-04-15,altre,,7565
2023-04-30,Bangladesh,BD,3154
2023-04-30,Burkina Faso,BF,1219
2023-04-30,Camerun,CM,1629
2023-04-30,Costa d'Avorio,CI,5894
2023-04-30,Egitto,EG,4414
2023-04-30,Guinea,GN,4608
2023-04-30,Mali,ML,1098
2023-04-30,Pakistan,PK,3851
2023-04-30,Siria,SY,2185
2023-04-30,Tunisia,TN,2935
2023-04-30,altre,,11087
2023-05-15,Bangladesh,BD,3671
2023-05-15,Burkina Faso,BF,2015
2023-05-15,Camerun,CM,1958
2023-05-15,Costa d'Avorio,CI,7371
2023-05-15,Egitto,EG,4694
2023-05-15,Guinea,GN,5988
2023-05-15,Mali,ML,1462
2023-05-15,Pakistan,PK,3949
2023-05-15,Siria,SY,2480
2023-05-15,Tunisia,TN,3291
2023-05-15,altre,,8631
2023-05-31,Bangladesh,BD,4628
2023-05-31,Burkina Faso,BF,2015
2023-05-31,Camerun,CM,1959
2023-05-31,Costa d'Avorio,CI,7380
2023-05-31,Egitto,EG,5478
2023-05-31,Guinea,GN,5996
2023-05-31,Mali,ML,1466
2023-05-31,Pakistan,PK,4630
2023-05-31,Siria,SY,2752
2023-05-31,Tunisia,TN,3432
2023-05-31,altre,,9957
2023-06-15,Bangladesh,BD,5660
2023-06-15,Burkina Faso,BF,2391
2023-06-15,Camerun,CM,2005
2023-06-15,Costa d'Avorio,CI,7570
2023-06-15,Egitto,EG,6986
2023-06-15,Guinea,GN,6374
2023-06-15,Mali,ML,1611
2023-06-15,Pakistan,PK,5915
2023-06-15,Siria,SY,3430
2023-06-15,Tunisia,TN,3901
2023-06-15,altre,,9819
2023-06-30,Bangladesh,BD,5910
2023-06-30,Burkina Faso,BF,3018
2023-06-30,Camerun,CM,2141
2023-06-30,Costa d'Avorio,CI,7921
2023-06-30,Egitto,EG,7128
2023-06-30,Guinea,GN,7155
2023-06-30,Mali,ML,1901
2023-06-30,Pakistan,PK,5943
2023-06-30,Siria,SY,3665
2023-06-30,Tunisia,TN,4318
2023-06-30,altre,,15830
2023-07-15,Bangladesh,BD,6603
2023-07-15,Burkina Faso,BF,4568
2023-07-15,Camerun,CM,2634
2023-07-15,Costa d'Avorio,CI,9350
2023-07-15,Egitto,EG,7705
2023-07-15,Guinea,GN,8957
2023-07-15,Mali,ML,2502
2023-07-15,Pakistan,PK,6086
2023-07-15,Siria,SY,4027
2023-07-15,Tunisia,TN,5166
2023-07-15,altre,,18223
2023-07-31,Bangladesh,BD,6729
2023-07-31,Burkina Faso,BF,5361
2023-07-31,Camerun,CM,3084
2023-07-31,Costa d'Avorio,CI,10998
2023-07-31,Egitto,EG,7792
2023-07-31,Guinea,GN,10858
2023-07-31,Mali,ML,3042
2023-07-31,Pakistan,PK,6575
2023-07-31,Siria,SY,4149
2023-07-31,Tunisia,TN,6087
2023-07-31,altre,,24199
2023-08-15,Bangladesh,BD,6912
2023-08-15,Burkina Faso,BF,5621
2023-08-15,Camerun,CM,3433
2023-08-15,Costa d'Avorio,CI,11870
2023-08-15,Egitto,EG,7821
2023-08-15,Guinea,GN,11989
2023-08-15,Mali,ML,3360
2023-08-15,Pakistan,PK,6173
2023-08-15,Siria,SY,4258
2023-08-15,Tunisia,TN,7775
2023-08-15,altre,,31726
2023-08-31,Bangladesh,BD,7035
2023-08-31,Burkina Faso,BF,6076
2023-08-31,Camerun,CM,3797
2023-08-31,Costa d'Avorio,CI,12763
2023-08-31,Egitto,EG,8058
2023-08-31,Guinea,GN,13052
2023-08-31,Mali,ML,3604
2023-08-31,Pakistan,PK,6175
2023-08-31,Siria,SY,4428
2023-08-31,Tunisia,TN,9283
2023-08-31,altre,,40255
2023-09-15,Bangladesh,BD,7575
2023-09-15,Burkina Faso,BF,6783
2023-09-15,Camerun,CM,4279
2023-09-15,Costa d'Avorio,CI,14208
2023-09-15,Egitto,EG,8420
2023-09-15,Guinea,GN,15088
2023-09-15,Mali,ML,4274
2023-09-15,Pakistan,PK,6321
2023-09-15,Siria,SY,5071
2023-09-15,Tunisia,TN,11530
2023-09-15,altre,,43658
2023-09-30,Bangladesh,BD,7882
2023-09-30,Burkina Faso,BF,7584
2023-09-30,Camerun,CM,4689
2023-09-30,Costa d'Avorio,CI,14998
2023-09-30,Egitto,EG,8693
2023-09-30,Guinea,GN,16431
2023-09-30,Mali,ML,4965
2023-09-30,Pakistan,PK,6350
2023-09-30,Siria,SY,5665
2023-09-30,Tunisia,TN,14097
2023-09-30,altre,,42263
2023-10-15,Bangladesh,BD,8091
2023-10-15,Burkina Faso,BF,7949
2023-10-15,Camerun,CM,4813
2023-10-15,Costa d'Avorio,CI,15490
2023-10-15,Egitto,EG,8807
2023-10-15,Guinea,GN,17150
2023-10-15,Mali,ML,5299
2023-10-15,Pakistan,PK,6430
2023-10-15,Siria,SY,5777
2023-10-15,Tunisia,TN,14837
2023-10-15,altre,,45363
2023-10-31,Bangladesh,BD,8335
2023-10-31,Burkina Faso,BF,8253
2023-10-31,Camerun,CM,4959
2023-10-31,Costa d'Avorio,CI,15797
2023-10-31,Egitto,EG,9167
2023-10-31,Guinea,GN,17708
2023-10-31,Mali,ML,5492
2023-10-31,Pakistan,PK,6470
2023-10-31,Siria,SY,6307
2023-10-31,Tunisia,TN,15769
2023-10-31,altre,,45782
2023-11-15,Bangladesh,BD,10853
2023-11-15,Burkina Faso,BF,8259
2023-11-15,Costa d'Avorio,CI,15834
2023-11-15,Egitto,EG,10476
2023-11-15,Guinea,GN,17807
2023-11-15,Mali,ML,5575
2023-11-15,Pakistan,PK,7029
2023-11-15,Siria,SY,8420
2023-11-15,Sudan,SD,5462
2023-11-15,Tunisia,TN,16757
2023-11-15,altre,,42441
2023-11-30,Bangladesh,BD,11518
2023-11-30,Burkina Faso,BF,8410
2023-11-30,Costa d'Avorio,CI,15967
2023-11-30,Egitto,EG,10882
2023-11-30,Guinea,GN,18159
2023-11-30,Mali,ML,5866
2023-11-30,Pakistan,PK,7454
2023-11-30,Siria,SY,9285
2023-11-30,Sudan,SD,5799
2023-11-30,Tunisia,TN,17073
2023-11-30,altre,,41859
2023-12-15,Bangladesh,BD,12122
2023-12-15,Burkina Faso,BF,8410
2023-12-15,Costa d'Avorio,CI,15973
2023-12-15,Egitto,EG,11066
2023-12-15,Guinea,GN,18164
2023-12-15,Mali,ML,5883
2023-12-15,Pakistan,PK,7639
2023-12-15,Siria,SY,9503
2023-12-15,Sudan,SD,5829
2023-12-15,Tunisia,TN,17087
2023-12-15,altre,,41731
2023-12-31,Bangladesh,BD,12169
2023-12-31,Burkina Faso,BF,8414
2023-12-31,Costa d'Avorio,CI,16005
2023-12-31,Egitto,EG,11072
2023-12-31,Guinea,GN,18211
2023-12-31,Mali,ML,5938
2023-12-31,Pakistan,PK,7642
2023-12-31,Siria,SY,9547
2023-12-31,Sudan,SD,5834
2023-12-31,Tunisia,TN,17322
2023-12-31,altre,,45498
2024-01-15,Bangladesh,BD,182
2024-01-15,Costa d'Avorio,CI,10
2024-01-15,Egitto,EG,21
2024-01-15,Gambia,GM,46
2024-01-15,Guinea,GN,19
2024-01-15,Mali,ML,27
2024-01-15,Pakistan,PK,32
2024-01-15,Siria,SY,117
2024-01-15,Sudan,SD,32
2024-01-15,Tunisia,TN,45
2024-01-15,altre,,218
2024-01-31,Bangladesh,BD,301
2024-01-31,Egitto,EG,146
2024-01-31,Eritrea,ER,31
2024-01-31,Etiopia,ET,37
2024-01-31,Gambia,GM,46
2024-01-31,Mali,ML,27
2024-01-31,Pakistan,PK,106
2024-01-31,Siria,SY,368
2024-01-31,Sudan,SD,94
2024-01-31,Tunisia,TN,258
2024-01-31,altre,,729
2024-02-15,Bangladesh,BD,942
2024-02-15,Egitto,EG,467
2024-02-15,Eritrea,ER,214
2024-02-15,Etiopia,ET,172
2024-02-15,Gambia,GM,64
2024-02-15,Guinea,GN,109
2024-02-15,Pakistan,PK,225
2024-02-15,Siria,SY,712
2024-02-15,Sudan,SD,134
2024-02-15,Tunisia,TN,665
2024-02-15,altre,,324
2024-02-29,Bangladesh,BD,1124
2024-02-29,Egitto,EG,508
2024-02-29,Eritrea,ER,248
2024-02-29,Etiopia,ET,187
2024-02-29,Gambia,GM,66
2024-02-29,Guinea,GN,109
2024-02-29,Pakistan,PK,244
2024-02-29,Siria,SY,758
2024-02-29,Sudan,SD,149
2024-02-29,Tunisia,TN,698
2024-02-29,altre,,415
2024-03-15,Bangladesh,BD,1515
2024-03-15,Egitto,EG,645
2024-03-15,Eritrea,ER,251
2024-03-15,Etiopia,ET,199
2024-03-15,Gambia,GM,85
2024-03-15,Guinea,GN,117
2024-03-15,Pakistan,PK,335
2024-03-15,Siria,SY,1207
2024-03-15,Sudan,SD,160
2024-03-15,Tunisia,TN,721
2024-03-15,altre,,1325
2024-03-31,Bangladesh,BD,2670
2024-03-31,Egitto,EG,917
2024-03-31,Eritrea,ER,340
2024-03-31,Gambia,GM,332
2024-03-31,Guinea,GN,849
2024-03-31,Mali,ML,379
2024-03-31,Pakistan,PK,620
2024-03-31,Siria,SY,2084
2024-03-31,Sudan,SD,328
2024-03-31,Tunisia,TN,1371
2024-03-31,altre,,1483
2024-04-15,Bangladesh,BD,3330
2024-04-15,Costa d'Avorio,CI,472
2024-04-15,Egitto,EG,1030
2024-04-15,Gambia,GM,495
2024-04-15,Guinea,GN,1629
2024-04-15,Mali,ML,596
2024-04-15,Pakistan,PK,670
2024-04-15,Siria,SY,2386
2024-04-15,Sudan,SD,497
2024-04-15,Tunisia,TN,2224
2024-04-15,altre,,2761
2024-04-30,Bangladesh,BD,3425
2024-04-30,Costa d'Avorio,CI,472
2024-04-30,Egitto,EG,1037
2024-04-30,Gambia,GM,495
2024-04-30,Guinea,GN,1629
2024-04-30,Mali,ML,596
2024-04-30,Pakistan,PK,690
2024-04-30,Siria,SY,2460
2024-04-30,Sudan,SD,497
2024-04-30,Tunisia,TN,2224
2024-04-30,altre,,2612
2024-05-02,Bangladesh,BD,3425
2024-05-02,Costa d'Avorio,CI,472
2024-05-02,Egitto,EG,1037
2024-05-02,Gambia,GM,495
2024-05-02,Guinea,GN,1629
2024-05-02,Mali,ML,596
2024-05-02,Pakistan,PK,690
2024-05-02,Siria,SY,2460
2024-05-02,Sudan,SD,497
2024-05-02,Tunisia,TN,2224
2024-05-02,altre,,2612
2024-05-15,Bangladesh,BD,3797
2024-05-15,Costa d'Avorio,CI,571
2024-05-15,Egitto,EG,1197
2024-05-15,Gambia,GM,601
2024-05-15,Guinea,GN,1750
2024-05-15,Mali,ML,729
2024-05-15,Pakistan,PK,695
2024-05-15,Siria,SY,2631
2024-05-15,Sudan,SD,585
2024-05-15,Tunisia,TN,2575
2024-05-15,altre,,3304
2024-05-31,Bangladesh,BD,4387
2024-05-31,Costa d'Avorio,CI,619
2024-05-31,Egitto,EG,1308
2024-05-31,Gambia,GM,677
2024-05-31,Guinea,GN,1849
2024-05-31,Mali,ML,763
2024-05-31,Pakistan,PK,813
2024-05-31,Siria,SY,2983
2024-05-31,Sudan,SD,603
2024-05-31,Tunisia,TN,2910
2024-05-31,altre,,3953
2024-06-15,Bangladesh,BD,4839
2024-06-15,Costa d'Avorio,CI,679
2024-06-15,Egitto,EG,1503
2024-06-15,Gambia,GM,823
2024-06-15,Guinea,GN,1897
2024-06-15,Mali,ML,837
2024-06-15,Pakistan,PK,939
2024-06-15,Siria,SY,3427
2024-06-15,Sudan,SD,636
2024-06-15,Tunisia,TN,3135
2024-06-15,altre,,4572
2024-06-30,Bangladesh,BD,5382
2024-06-30,Costa d'Avorio,CI,692
2024-06-30,Egitto,EG,1591
2024-06-30,Gambia,GM,883
2024-06-30,Guinea,GN,2001
2024-06-30,Mali,ML,852
2024-06-30,Pakistan,PK,978
2024-06-30,Siria,SY,3692
2024-06-30,Sudan,SD,846
2024-06-30,Tunisia,TN,3219
2024-06-30,altre,,5540
2024-07-15,Bangladesh,BD,6478
2024-07-15,Egitto,EG,1917
2024-07-15,Eritrea,ER,801
2024-07-15,Gambia,GM,934
2024-07-15,Guinea,GN,2090
2024-07-15,Mali,ML,915
2024-07-15,Pakistan,PK,1105
2024-07-15,Siria,SY,4117
2024-07-15,Sudan,SD,916
2024-07-15,Tunisia,TN,3462
2024-07-15,altre,,7503
2024-07-31,Bangladesh,BD,7126
2024-07-31,Egitto,EG,2122
2024-07-31,Eritrea,ER,859
2024-07-31,Gambia,GM,984
2024-07-31,Guinea,GN,2144
2024-07-31,Mali,ML,995
2024-07-31,Pakistan,PK,1205
2024-07-31,Siria,SY,5039
2024-07-31,Sudan,SD,988
2024-07-31,Tunisia,TN,4188
2024-07-31,altre,,7453
2024-08-15,Bangladesh,BD,7757
2024-08-15,Egitto,EG,2325
2024-08-15,Eritrea,ER,971
2024-08-15,Gambia,GM,992
2024-08-15,Guinea,GN,2250
2024-08-15,Mali,ML,1033
2024-08-15,Pakistan,PK,1347
2024-08-15,Siria,SY,5831
2024-08-15,Sudan,SD,1100
2024-08-15,Tunisia,TN,5114
2024-08-15,altre,,9079
2024-08-31,Bangladesh,BD,8203
2024-08-31,Egitto,EG,2520
2024-08-31,Eritrea,ER,1311
2024-08-31,Gambia,GM,999
2024-08-31,Guinea,GN,2368
2024-08-31,Mali,ML,1089
2024-08-31,Pakistan,PK,1494
2024-08-31,Siria,SY,6782
2024-08-31,Sudan,SD,1139
2024-08-31,Tunisia,TN,5772
2024-08-31,altre,,9940
2024-09-15,Bangladesh,BD,9160
2024-09-15,Egitto,EG,2792
2024-09-15,Eritrea,ER,1486
2024-09-15,Gambia,GM,1081
2024-09-15,Guinea,GN,2531
2024-09-15,Mali,ML,1163
2024-09-15,Pakistan,PK,1639
2024-09-15,Siria,SY,7799
2024-09-15,Sudan,SD,1328
2024-09-15,Tunisia,TN,6159
2024-09-15,altre,,9538
2024-09-30,Bangladesh,BD,9880
2024-09-30,Egitto,EG,3036
2024-09-30,Eritrea,ER,1580
2024-09-30,Gambia,GM,1181
2024-09-30,Guinea,GN,2646
2024-09-30,Mali,ML,1231
2024-09-30,Pakistan,PK,1826
2024-09-30,Siria,SY,8591
2024-09-30,Sudan,SD,1453
2024-09-30,Tunisia,TN,6584
2024-09-30,altre,,11683
2024-10-15,Bangladesh,BD,10773
2024-10-15,Egitto,EG,3399
2024-10-15,Eritrea,ER,1753
2024-10-15,Gambia,GM,1194
2024-10-15,Guinea,GN,2733
2024-10-15,Mali,ML,1275
2024-10-15,Pakistan,PK,2092
2024-10-15,Siria,SY,9979
2024-10-15,Sudan,SD,1601
2024-10-15,Tunisia,TN,7158
2024-10-15,altre,,12172
2024-10-31,Bangladesh,BD,11180
2024-10-31,Egitto,EG,3629
2024-10-31,Eritrea,ER,1807
2024-10-31,Gambia,GM,1295
2024-10-31,Guinea,GN,2983
2024-10-31,Mali,ML,1336
2024-10-31,Pakistan,PK,2314
2024-10-31,Siria,SY,10554
2024-10-31,Sudan,SD,1796
2024-10-31,Tunisia,TN,7289
2024-10-31,altre,,10983
2024-11-15,Bangladesh,BD,11799
2024-11-15,Egitto,EG,3848
2024-11-15,Eritrea,ER,1944
2024-11-15,Gambia,GM,1428
2024-11-15,Guinea,GN,3293
2024-11-15,Mali,ML,1512
2024-11-15,Pakistan,PK,2537
2024-11-15,Siria,SY,11138
2024-11-15,Sudan,SD,1896
2024-11-15,Tunisia,TN,7593
2024-11-15,altre,,12523
2024-11-30,Bangladesh,BD,12468
2024-11-30,Egitto,EG,4018
2024-11-30,Eritrea,ER,2014
2024-11-30,Gambia,GM,1463
2024-11-30,Guinea,GN,3452
2024-11-30,Mali,ML,1613
2024-11-30,Pakistan,PK,2863
2024-11-30,Siria,SY,11613
2024-11-30,Sudan,SD,2053
2024-11-30,Tunisia,TN,7598
2024-11-30,altre,,14024
2024-12-15,Bangladesh,BD,13344
2024-12-15,Egitto,EG,4213
2024-12-15,Eritrea,ER,2124
2024-12-15,Gambia,GM,1597
2024-12-15,Guinea,GN,3505
2024-12-15,Mali,ML,1629
2024-12-15,Pakistan,PK,3062
2024-12-15,Siria,SY,12178
2024-12-15,Sudan,SD,2122
2024-12-15,Tunisia,TN,7669
2024-12-15,altre,,13403
2024-12-31,Bangladesh,BD,13779
2024-12-31,Egitto,EG,4296
2024-12-31,Eritrea,ER,2130
2024-12-31,Gambia,GM,1618
2024-12-31,Guinea,GN,3542
2024-12-31,Mali,ML,1667
2024-12-31,Pakistan,PK,3284
2024-12-31,Siria,SY,12504
2024-12-31,Sudan,SD,2137
2024-12-31,Tunisia,TN,7677
2024-12-31,altre,,13683
2025-01-15,Algeria,DZ,23
2025-01-15,Bangladesh,BD,53
2025-01-15,Egitto,EG,57
2025-01-15,Eritrea,ER,24
2025-01-15,Etiopia,ET,12
2025-01-15,Nigeria,NG,10
2025-01-15,Pakistan,PK,108
2025-01-15,Siria,SY,56
2025-01-15,Somalia,SO,9
2025-01-15,Sudan,SD,15
2025-01-15,altre,,111
2025-01-31,Algeria,DZ,85
2025-01-31,Bangladesh,BD,1191
2025-01-31,Egitto,EG,279
2025-01-31,Eritrea,ER,119
2025-01-31,Etiopia,ET,135
2025-01-31,Marocco,MA,68
2025-01-31,Pakistan,PK,731
2025-01-31,Siria,SY,426
2025-01-31,Somalia,SO,52
2025-01-31,Sudan,SD,49
2025-01-31,altre,,233
2025-02-15,Afghanistan,AF,88
2025-02-15,Algeria,DZ,113
2025-02-15,Bangladesh,BD,1812
2025-02-15,Egitto,EG,386
2025-02-15,Eritrea,ER,198
2025-02-15,Etiopia,ET,162
2025-02-15,Marocco,MA,76
2025-02-15,Pakistan,PK,976
2025-02-15,Siria,SY,584
2025-02-15,Somalia,SO,62
2025-02-15,altre,,445
2025-02-28,Afghanistan,AF,111
2025-02-28,Algeria,DZ,166
2025-02-28,Bangladesh,BD,2417
2025-02-28,Egitto,EG,604
2025-02-28,Eritrea,ER,291
2025-02-28,Etiopia,ET,198
2025-02-28,Pakistan,PK,1165
2025-02-28,Siria,SY,659
2025-02-28,Sudan,SD,123
2025-02-28,Tunisia,TN,186
2025-02-28,altre,,607
2025-03-15,Algeria,DZ,166
2025-03-15,Bangladesh,BD,3257
2025-03-15,Egitto,EG,737
2025-03-15,Eritrea,ER,419
2025-03-15,Etiopia,ET,271
2025-03-15,Mali,ML,115
2025-03-15,Pakistan,PK,1279
2025-03-15,Siria,SY,787
2025-03-15,Sudan,SD,290
2025-03-15,Tunisia,TN,206
2025-03-15,altre,,820
2025-03-31,Algeria,DZ,166
2025-03-31,Bangladesh,BD,3449
2025-03-31,Egitto,EG,820
2025-03-31,Eritrea,ER,510
2025-03-31,Etiopia,ET,315
2025-03-31,Pakistan,PK,1335
2025-03-31,Siria,SY,815
2025-03-31,Somalia,SO,198
2025-03-31,Sudan,SD,423
2025-03-31,Tunisia,TN,238
2025-03-31,altre,,946
2025-04-15,Bangladesh,BD,4395
2025-04-15,Egitto,EG,1208
2025-04-15,Eritrea,ER,989
2025-04-15,Etiopia,ET,507
2025-04-15,Mali,ML,166
2025-04-15,Pakistan,PK,1487
2025-04-15,Siria,SY,900
2025-04-15,Somalia,SO,278
2025-04-15,Sudan,SD,510
2025-04-15,Tunisia,TN,241
2025-04-15,altre,,1323
2025-04-30,Bangladesh,BD,5796
2025-04-30,Egitto,EG,1575
2025-04-30,Eritrea,ER,1748
2025-04-30,Etiopia,ET,752
2025-04-30,Mali,ML,195
2025-04-30,Pakistan,PK,1675
2025-04-30,Siria,SY,937
2025-04-30,Somalia,SO,394
2025-04-30,Sudan,SD,564
2025-04-30,Tunisia,TN,246
2025-04-30,altre,,1661
2025-05-15,Bangladesh,BD,6951
2025-05-15,Egitto,EG,2067
2025-05-15,Eritrea,ER,2450
2025-05-15,Etiopia,ET,960
2025-05-15,Guinea,GN,333
2025-05-15,Pakistan,PK,2148
2025-05-15,Siria,SY,1009
2025-05-15,Somalia,SO,505
2025-05-15,Sudan,SD,634
2025-05-15,Tunisia,TN,295
2025-05-15,altre,,2094
